,,,Premature Death,,,,,,,,,,,,,,,,,,,,,,,,,,,,,,,,,,Poor Physical Health Days,,,,Low Birth Weight,,,,,,,,,,,,,,,,,,,,,,,,,,Poor Mental Health Days,,,,Poor or Fair Health,,,,Flu Vaccinations,,,,,,,Access to Exercise Opportunities,,Food Environment Index,,Primary Care Physicians,,,,Mental Health Providers,,,,Dentists,,,,Preventable Hospital Stays,,,,,,,Mammography Screening,,,,,,,Uninsured,,,,,Severe Housing Problems,,,,,,,,,,,,,Driving Alone to Work,,,,,,,,,,,,,,,,,,,Long Commute - Driving Alone,,,,,Air Pollution: Particulate Matter,,Drinking Water Violations,,Broadband Access,,,,,Library Access,,Some College,,,,,,High School Completion,,,,,,Unemployment,,,,Income Inequality,,,,Children in Poverty,,,,,,,,,Injury Deaths,,,,,,,,,,,,,,,,,,,,,,,,,,Social Associations,,,Child Care Cost Burden,,
FIPS,State,County,Unreliable,Deaths,Years of Potential Life Lost Rate,95% CI - Low,95% CI - High,National Z-Score,YPLL Rate (Hispanic (all races)),YPLL Rate (Hispanic (all races)) 95% CI - Low,YPLL Rate (Hispanic (all races)) 95% CI - High,YPLL Rate (Hispanic (all races)) Unreliable,YPLL Rate (Non-Hispanic AIAN),YPLL Rate (Non-Hispanic AIAN) 95% CI - Low,YPLL Rate (Non-Hispanic AIAN) 95% CI - High,YPLL Rate (Non-Hispanic AIAN) Unreliable,YPLL Rate (Non-Hispanic Asian),YPLL Rate (Non-Hispanic Asian) 95% CI - Low,YPLL Rate (Non-Hispanic Asian) 95% CI - High,YPLL Rate (Non-Hispanic Asian) Unreliable,YPLL Rate (Non-Hispanic Black),YPLL Rate (Non-Hispanic Black) 95% CI - Low,YPLL Rate (Non-Hispanic Black) 95% CI - High,YPLL Rate (Non-Hispanic Black) Unreliable,YPLL Rate (Non-Hispanic Native Hawaiian and Other Pacific Islander),YPLL Rate (Non-Hispanic Native Hawaiian and Other Pacific Islander) 95% CI - Low,YPLL Rate (Non-Hispanic Native Hawaiian and Other Pacific Islander) 95% CI - High,YPLL Rate (Non-Hispanic Native Hawaiian and Other Pacific Islander) Unreliable,YPLL Rate (Non-Hispanic 2+ races),YPLL Rate (Non-Hispanic 2+ races) 95% CI - Low,YPLL Rate (Non-Hispanic 2+ races) 95% CI - High,YPLL Rate (Non-Hispanic 2+ races) Unreliable,YPLL Rate (Non-Hispanic White),YPLL Rate (Non-Hispanic White) 95% CI - Low,YPLL Rate (Non-Hispanic White) 95% CI - High,YPLL Rate (Non-Hispanic White) Unreliable,Average Number of Physically Unhealthy Days,95% CI - Low,95% CI - High,National Z-Score,Unreliable,% Low Birth Weight,95% CI - Low,95% CI - High,National Z-Score,% LBW (Hispanic (all races)),% LBW (Hispanic (all races)) 95% CI - Low,% LBW (Hispanic (all races)) 95% CI - High,% LBW (Non-Hispanic AIAN),% LBW (Non-Hispanic AIAN) 95% CI - Low,% LBW (Non-Hispanic AIAN) 95% CI - High,% LBW (Non-Hispanic Asian),% LBW (Non-Hispanic Asian) 95% CI - Low,% LBW (Non-Hispanic Asian) 95% CI - High,% LBW (Non-Hispanic Black),% LBW (Non-Hispanic Black) 95% CI - Low,% LBW (Non-Hispanic Black) 95% CI - High,% LBW (Non-Hispanic Native Hawaiian and Other Pacific Islander),% LBW (Non-Hispanic Native Hawaiian and Other Pacific Islander) 95% CI - Low,% LBW (Non-Hispanic Native Hawaiian and Other Pacific Islander) 95% CI - High,% LBW (Non-Hispanic 2+ races),% LBW (Non-Hispanic 2+ races) 95% CI - Low,% LBW (Non-Hispanic 2+ races) 95% CI - High,% LBW (Non-Hispanic White),% LBW (Non-Hispanic White) 95% CI - Low,% LBW (Non-Hispanic White) 95% CI - High,Average Number of Mentally Unhealthy Days,95% CI - Low,95% CI - High,National Z-Score,% Fair or Poor Health,95% CI - Low,95% CI - High,National Z-Score,% Vaccinated,National Z-Score,% Vaccinated (AIAN),% Vaccinated (Asian),% Vaccinated (Black),% Vaccinated (Hispanic),% Vaccinated (White),% With Access to Exercise Opportunities,National Z-Score,Food Environment Index,National Z-Score,# Primary Care Physicians,Primary Care Physicians Rate,Primary Care Physicians Ratio,National Z-Score,# Mental Health Providers,Mental Health Provider Rate,Mental Health Provider Ratio,National Z-Score,# Dentists,Dentist Rate,Dentist Ratio,National Z-Score,Preventable Hospitalization Rate,National Z-Score,Preventable Hosp. Rate (AIAN),Preventable Hosp. Rate (Asian),Preventable Hosp. Rate (Black),Preventable Hosp. Rate (Hispanic),Preventable Hosp. Rate (White),% with Annual Mammogram,National Z-Score,% Screened (AIAN),% Screened (Asian),% Screened (Black),% Screened (Hispanic),% Screened (White),# Uninsured,% Uninsured,95% CI - Low,95% CI - High,National Z-Score,% Severe Housing Problems,95% CI - Low,95% CI - High,Severe Housing Cost Burden,Severe Housing Cost Burden 95% CI - Low,Severe Housing Cost Burden 95% CI - High,Overcrowding,Overcrowding 95% CI - Low,Overcrowding 95% CI - High,Inadequate Facilities,Inadequate Facilities 95% CI - Low,Inadequate Facilities 95% CI - High,National Z-Score,% Drive Alone to Work,95% CI - Low,95% CI - High,National Z-Score,% Drive Alone (AIAN),% Drive Alone (AIAN) 95% CI - Low,% Drive Alone (AIAN) 95% CI - High,% Drive Alone (Asian),% Drive Alone (Asian) 95% CI - Low,% Drive Alone (Asian) 95% CI - High,% Drive Alone (Black),% Drive Alone (Black) 95% CI - Low,% Drive Alone (Black) 95% CI - High,% Drive Alone (Hispanic),% Drive Alone (Hispanic) 95% CI - Low,% Drive Alone (Hispanic) 95% CI - High,% Drive Alone (White),% Drive Alone (White) 95% CI - Low,% Drive Alone (White) 95% CI - High,# Workers who Drive Alone,% Long Commute - Drives Alone,95% CI - Low,95% CI - High,National Z-Score,Average Daily PM2.5,National Z-Score,Presence of Water Violation,National Z-Score,% Households with Broadband Access,# Households with Broadband Access,95% CI - Low,95% CI - High,National Z-Score,Visits per service area population,National Z-Score,# Some College,Population,% Some College,95% CI - Low,95% CI - High,National Z-Score,# Completed High School,Population,% Completed High School,95% CI - Low,95% CI - High,National Z-Score,# Unemployed,Labor Force,% Unemployed,National Z-Score,80th Percentile Income,20th Percentile Income,Income Ratio,National Z-Score,% Children in Poverty,95% CI - Low,95% CI - High,National Z-Score,% Children in Poverty (AIAN),% Children in Poverty (Asian),% Children in Poverty (Black),% Children in Poverty (Hispanic),% Children in Poverty (White),# Injury Deaths,Injury Death Rate,95% CI - Low,95% CI - High,National Z-Score,Injury Death Rate (Hispanic (all races)),Injury Death Rate (Hispanic (all races)) 95% CI - Low,Injury Death Rate (Hispanic (all races)) 95% CI - High,Injury Death Rate (Non-Hispanic AIAN),Injury Death Rate (Non-Hispanic AIAN) 95% CI - Low,Injury Death Rate (Non-Hispanic AIAN) 95% CI - High,Injury Death Rate (Non-Hispanic Asian),Injury Death Rate (Non-Hispanic Asian) 95% CI - Low,Injury Death Rate (Non-Hispanic Asian) 95% CI - High,Injury Death Rate (Non-Hispanic Black),Injury Death Rate (Non-Hispanic Black) 95% CI - Low,Injury Death Rate (Non-Hispanic Black) 95% CI - High,Injury Death Rate (Non-Hispanic Native Hawaiian and Other Pacific Islander),Injury Death Rate (Non-Hispanic Native Hawaiian and Other Pacific Islander) 95% CI - Low,Injury Death Rate (Non-Hispanic Native Hawaiian and Other Pacific Islander) 95% CI - High,Injury Death Rate (Non-Hispanic 2+ races),Injury Death Rate (Non-Hispanic 2+ races) 95% CI - Low,Injury Death Rate (Non-Hispanic 2+ races) 95% CI - High,Injury Death Rate (Non-Hispanic White),Injury Death Rate (Non-Hispanic White) 95% CI - Low,Injury Death Rate (Non-Hispanic White) 95% CI - High,# Associations,Social Association Rate,National Z-Score,% Household Income Required for Child Care Expenses,National Z-Score,
37000,North Carolina,,,168309,9441,9373,9508,,,,,,,,,,,,,,,,,,,,,,,,,,,,,,4.1,3.7,4.5,,,9,9,9,,,,,,,,,,,,,,,,,,,,,,,4.9,4.5,5.2,,18,16,20,,51,,,,,,,78,,6.8,,7469,71,1413:1,,36193,334,299:1,,6548,61,1634:1,,2670,,,,,,,48,,,,,,,961628,11,11,12,,14,14,14,12,12,12,2,2,2,1,1,1,,73,73,74,,,,,,,,,,,,,,,,,4991806,35,34,35,,6.7,,,,89,3707636,88,89,,1,,1907710,2761082,69,69,70,,6517229,7261810,90,90,90,,180772,5231648,3.5,,139071,29680,4.7,,18,17,18,,,,,,,49111,93,92,94,,,,,,,,,,,,,,,,,,,,,,,12040,11.3,,25,,
37001,North Carolina,Alamance,,2843,9571,9028,10113,-0.24,5126,4119,6134,,,,,,,,,,14624,13137,16111,,,,,,,,,,9172,8466,9878,,4.1,3.3,5.0,-0.52,,9,9,10,0.50,7,6,8,,,,10,7,14,15,14,16,,,,14,10,17,8,7,9,5.1,4.1,6.2,-0.89,20,18,22,0.02,50,-0.84,,49,40,22,53,81,-0.81,7.2,0.24,67,39,2595:1,0.43,344,192,521:1,0.08,99,56,1781:1,-0.21,2740,-0.08,,1576,3633,1696,2499,45,-0.26,,31,44,31,46,17569,13,11,14,0.46,13,12,15,11,10,13,2,1,2,1,0,1,0.07,80,78,82,0.40,,,,80,65,95,83,79,88,71,65,76,78,76,80,82208,37,35,39,0.29,7.4,-0.14,No,-0.77,88,60356,87,89,-0.58,2,0.46,26553,43158,62,58,65,-0.22,103995,117453,89,88,89,0.03,2914,85834,3.4,-0.17,122155,28295,4.3,-0.31,16,11,21,-0.37,62,9,34,27,9,843,98,92,105,-0.05,36,26,48,,,,,,,101,86,116,,,,,,,116,107,126,173,9.8,0.29,22,-0.94,
37003,North Carolina,Alexander,,754,10847,9578,12115,0.09,,,,,,,,,,,,,8478,5587,12335,,,,,,,,,,11357,9911,12803,,4.2,3.4,5.1,-0.43,,8,7,9,-0.12,5,2,9,,,,,,,17,9,24,,,,,,,8,7,9,5.3,4.2,6.4,-0.64,17,15,19,-0.48,44,-0.26,,25,33,25,45,47,0.67,7.4,0.07,7,19,5235:1,0.97,33,90,1105:1,0.52,8,22,4564:1,0.79,2975,0.13,,,3198,,2958,46,-0.38,,,38,,47,3317,12,10,14,0.32,10,7,12,7,5,9,3,1,4,0,0,1,-0.73,84,81,87,0.94,,,,,,,,,,,,,,,,15536,39,34,45,0.47,7.7,0.01,No,-0.77,85,11760,82,87,-0.04,1,0.77,4531,8627,53,45,60,0.56,22590,26398,86,83,88,0.58,580,18013,3.2,-0.31,111844,29071,3.8,-0.90,17,12,23,-0.20,,,,23,16,170,92,78,105,-0.27,,,,,,,,,,,,,,,,,,,,,,55,15.1,-0.63,23,-0.85,
37005,North Carolina,Alleghany,,227,8598,6419,10777,-0.49,,,,,,,,,,,,,,,,,,,,,,,,,,,,,4.6,3.7,5.6,0.26,,9,7,11,0.10,9,4,14,,,,,,,,,,,,,,,,9,6,11,5.5,4.4,6.7,-0.17,21,19,24,0.31,45,-0.35,,,55,45,45,65,-0.11,7.3,0.15,11,100,1004:1,-1.25,26,229,436:1,-0.08,1,9,11185:1,1.17,2237,-0.55,,,,,,44,-0.13,,,,,,1356,17,15,20,1.48,13,9,17,11,7,15,2,1,4,1,0,2,0.01,77,69,84,-0.05,,,,,,,,,,,,,,,,4190,27,20,34,-0.50,6.4,-0.64,No,-0.77,81,4092,77,85,0.51,1,0.58,1165,2217,53,40,65,0.56,7163,8618,83,79,88,1.04,191,4266,4.5,0.72,92057,20982,4.4,-0.23,25,16,33,0.68,,,,53,27,67,120,93,153,0.68,,,,,,,,,,,,,,,,,,,,,,14,12.5,-0.19,27,-0.27,
37007,North Carolina,Anson,,609,15560,13639,17481,1.32,,,,,,,,,,,,,18448,15381,21515,,,,,,,,,,13882,11220,16544,,4.7,3.7,5.6,0.29,,15,14,17,3.26,13,6,20,,,,,,,20,18,23,,,,,,,10,7,12,5.4,4.3,6.6,-0.37,23,21,26,0.79,42,-0.06,,,32,,46,36,1.17,7.5,-0.02,10,45,2206:1,0.24,19,87,1152:1,0.54,5,23,4440:1,0.77,3011,0.17,,,3664,,2667,44,-0.13,,,46,,45,1949,12,11,14,0.44,19,15,23,16,11,20,2,1,4,1,0,2,1.36,75,69,81,-0.30,,,,,,,74,65,84,,,,80,73,88,8292,48,40,56,1.15,7.5,-0.09,No,-0.77,84,7016,81,88,0.00,0,0.91,1934,5549,35,28,41,2.08,12883,15630,82,80,85,1.16,414,10263,4.0,0.36,88460,18984,4.7,0.12,33,23,43,1.73,,,44,28,22,154,131,110,152,1.03,,,,,,,,,,123,96,156,,,,,,,152,120,189,29,13.1,-0.28,29,0.05,
37009,North Carolina,Ashe,,577,9771,8318,11224,-0.19,,,,,,,,,,,,,,,,,,,,,,,,,,,,,4.2,3.4,5.2,-0.40,,9,8,10,0.27,,,,,,,,,,,,,,,,,,,,,,5.3,4.2,6.4,-0.64,18,16,20,-0.38,50,-0.84,,,,49,50,56,0.26,6.8,0.58,13,49,2055:1,0.15,48,177,564:1,0.15,11,41,2465:1,0.24,2232,-0.55,,,,,,42,0.11,,,,,,2648,14,12,16,0.68,9,7,11,7,5,9,1,0,2,1,0,1,-0.88,79,76,83,0.32,,,,,,,,,,,,,,,,10853,33,27,38,-0.07,5.9,-0.89,No,-0.77,80,9621,77,84,0.64,2,0.45,3519,5679,62,52,72,-0.26,18048,20626,88,85,90,0.22,385,12820,3.0,-0.49,100910,23436,4.3,-0.33,22,14,30,0.37,,,,13,14,133,98,82,115,-0.05,,,,,,,,,,,,,,,,,,,,,,26,9.6,0.33,25,-0.46,
37011,North Carolina,Avery,,316,9111,7357,10865,-0.36,,,,,,,,,,,,,,,,,,,,,,,,,,,,,4.2,3.4,5.2,-0.37,,9,7,11,0.25,,,,,,,,,,,,,,,,,,,,,,5.2,4.2,6.4,-0.71,17,16,20,-0.46,49,-0.74,,,,,,100,-1.67,8.1,-0.53,4,22,4466:1,0.88,84,478,209:1,-1.15,8,46,2196:1,0.10,1707,-1.04,,,,,,36,0.84,,,,,,1795,16,13,18,1.13,11,8,13,9,6,11,2,0,3,0,0,1,-0.48,81,75,86,0.46,,,,,,,,,,,,,,,,6269,27,21,33,-0.51,5.7,-0.99,No,-0.77,83,5418,81,84,0.27,1,0.71,2296,4325,53,44,62,0.51,11665,13505,86,84,89,0.43,236,7798,3.0,-0.47,123354,26164,4.7,0.18,22,14,30,0.38,,,,22,9,77,87,69,109,-0.41,,,,,,,,,,,,,,,,,,,,,,33,18.8,-1.28,29,0.10,
37013,North Carolina,Beaufort,,983,12293,10950,13636,0.47,,,,,,,,,,,,,16824,13702,19946,,,,,,,,,,11830,10121,13540,,4.3,3.4,5.3,-0.25,,12,10,13,1.50,8,5,10,,,,,,,19,16,21,,,,,,,9,8,10,5.1,4.1,6.3,-0.86,20,18,22,0.06,52,-1.03,,33,42,,54,86,-1.03,7.1,0.32,23,52,1933:1,0.07,92,207,483:1,0.02,17,38,2604:1,0.31,2983,0.14,,,4628,,2709,54,-1.35,,,48,,55,3974,12,11,14,0.38,15,12,18,13,11,16,1,0,2,0,0,1,0.45,83,80,87,0.85,,,,,,,80,74,87,79,73,85,81,76,86,19088,35,31,39,0.13,5.9,-0.89,No,-0.77,85,16157,82,87,-0.03,1,0.69,5624,9361,60,53,67,-0.09,28902,32814,88,86,90,0.12,784,19376,4.0,0.37,116003,22522,5.2,0.73,31,23,38,1.42,,,54,44,17,258,112,99,126,0.41,,,,,,,,,,98,73,128,,,,,,,130,112,148,54,12.2,-0.13,30,0.22,
37015,North Carolina,Bertie,,442,14628,12316,16939,1.08,,,,,,,,,,,,,16578,13340,19816,,,,,,,,,,12565,9061,16069,,4.7,3.9,5.7,0.36,,14,12,16,2.67,,,,,,,,,,18,15,21,,,,,,,7,5,10,5.3,4.3,6.5,-0.53,25,23,28,1.21,34,0.71,,,32,,36,50,0.56,5.4,1.77,5,29,3501:1,0.71,12,71,1410:1,0.60,2,12,8620:1,1.09,3101,0.25,,,3453,,2897,48,-0.62,,,50,,47,1307,12,10,14,0.27,21,16,26,18,13,23,3,1,5,1,0,2,1.91,82,79,86,0.72,,,,,,,72,52,92,,,,78,67,89,5807,35,28,42,0.13,6.1,-0.79,No,-0.77,70,4910,65,74,2.21,1,0.65,2117,4280,49,40,59,0.82,10876,13268,82,79,85,1.25,308,7037,4.4,0.64,94756,17908,5.3,0.91,34,22,45,1.79,,,41,,2,95,104,84,127,0.14,,,,,,,,,,99,75,129,,,,,,,117,82,161,42,24.4,-2.26,37,1.24,
37017,North Carolina,Bladen,,894,16588,14816,18360,1.59,,,,,,,,,,,,,22191,18535,25847,,,,,,,,,,14995,12616,17373,,4.6,3.8,5.5,0.24,,11,10,13,1.36,9,6,12,,,,,,,16,13,18,,,,17,9,25,9,7,10,5.5,4.4,6.7,-0.23,21,19,23,0.27,37,0.42,,,32,,39,47,0.69,6.9,0.49,7,24,4218:1,0.84,30,102,983:1,0.47,13,44,2265:1,0.14,3752,0.85,,,3578,,3776,47,-0.50,,,48,,47,3024,14,12,16,0.76,19,15,23,18,14,22,1,0,2,1,0,1,1.41,81,77,85,0.51,95,85,100,,,,83,78,87,74,69,79,83,80,87,10941,45,37,52,0.89,6.2,-0.74,Yes,1.29,83,9706,80,87,0.14,0,0.92,3581,6365,56,48,64,0.24,18680,21094,89,86,91,0.03,613,14513,4.2,0.51,100254,16307,6.1,1.98,29,20,38,1.25,44,,42,63,20,242,153,134,173,1.78,,,,,,,,,,146,115,183,,,,,,,173,146,201,49,16.6,-0.91,25,-0.51,
37019,North Carolina,Brunswick,,2772,10048,9322,10773,-0.12,5474,3744,7728,,,,,,,,,,14333,11530,17136,,,,,,,,,,10125,9302,10947,,3.7,2.9,4.5,-1.23,,9,8,9,0.05,8,6,10,,,,,,,14,11,16,,,,12,8,16,8,7,8,5.0,4.0,6.0,-1.15,15,13,17,-1.01,57,-1.51,,57,44,42,58,77,-0.64,7.6,-0.10,63,44,2289:1,0.29,201,126,796:1,0.37,64,42,2392:1,0.21,2339,-0.45,,2710,3901,2931,2222,59,-1.95,,43,51,46,59,10343,10,9,12,-0.04,14,13,16,13,11,14,1,1,2,1,0,1,0.29,76,74,78,-0.14,,,,,,,79,71,86,70,61,79,70,67,72,57751,33,30,35,-0.07,6.2,-0.74,No,-0.77,93,59702,91,94,-1.27,2,0.10,16926,27313,62,58,66,-0.26,109509,117336,93,92,94,-0.86,2487,59130,4.2,0.50,138776,35439,3.9,-0.81,17,11,23,-0.27,5,,19,27,10,744,102,95,110,0.09,57,36,88,,,,,,,105,82,132,,,,,,,108,100,116,115,7.5,0.69,23,-0.86,
37021,North Carolina,Buncombe,,4083,8557,8141,8973,-0.50,5348,4238,6458,,,,,,,,,,16666,14203,19129,,,,,,,,,,8420,7956,8884,,3.8,3.0,4.6,-1.05,,9,8,9,0.22,9,8,10,,,,7,4,10,16,14,18,13,6,21,14,11,17,8,8,9,4.8,3.9,5.7,-1.39,13,12,15,-1.32,55,-1.32,52,50,37,42,55,76,-0.62,7.3,0.15,382,141,711:1,-2.39,2471,896,112:1,-2.95,214,78,1278:1,-0.86,1874,-0.88,,,3117,,1848,47,-0.50,,33,42,28,47,27643,13,12,15,0.57,14,12,15,11,10,12,2,1,2,1,1,2,0.15,73,71,74,-0.60,,,,69,59,79,66,58,75,73,67,78,76,75,78,129902,20,18,22,-1.05,5.1,-1.29,No,-0.77,88,90072,86,89,-0.51,2,0.16,53104,74976,71,67,74,-1.02,186588,202143,92,91,93,-0.67,3901,144131,2.7,-0.74,138222,30155,4.6,0.02,16,12,21,-0.32,,,38,38,8,1466,110,105,116,0.35,48,35,64,,,,,,,143,117,170,,,,,,,116,110,122,336,12.3,-0.14,27,-0.19,
37023,North Carolina,Burke,,1908,11521,10683,12359,0.27,8138,5730,11217,,,,,,,,,,15549,11366,19733,,,,,,,,,,11604,10658,12550,,4.5,3.6,5.4,0.00,,9,8,9,0.09,7,6,9,,,,10,7,13,17,12,21,,,,10,4,15,8,7,9,5.5,4.4,6.6,-0.25,18,16,21,-0.25,49,-0.74,,46,44,36,50,59,0.13,6.7,0.66,55,63,1593:1,-0.24,292,331,303:1,-0.51,43,49,2044:1,0.00,1879,-0.88,,,2270,,1861,46,-0.38,,26,45,48,47,8987,13,12,15,0.65,11,10,13,9,7,11,2,2,3,1,0,1,-0.34,83,81,85,0.84,,,,68,52,84,63,52,74,63,52,73,87,85,89,39162,29,25,32,-0.38,7.5,-0.09,No,-0.77,83,29695,81,85,0.24,1,0.88,11710,20779,56,51,61,0.23,55000,64613,85,84,87,0.67,1338,40790,3.3,-0.26,110597,24288,4.6,-0.02,24,19,30,0.66,89,19,59,53,22,486,109,99,118,0.30,40,21,71,,,,75,39,131,121,84,168,,,,,,,118,106,129,126,14.3,-0.50,24,-0.58,
37025,North Carolina,Cabarrus,,2846,7537,7138,7937,-0.77,5557,4553,6562,,,,,,,,,,10167,9120,11214,,,,,,,,,,7672,7135,8209,,3.5,2.8,4.3,-1.44,,9,8,9,0.20,8,7,9,,,,8,7,9,14,13,15,,,,8,6,11,7,7,8,4.5,3.6,5.5,-1.90,15,14,17,-0.90,49,-0.74,,54,39,29,50,62,0.02,8.1,-0.53,183,79,1264:1,-0.69,831,346,289:1,-0.58,122,52,1933:1,-0.08,3900,0.99,,1005,4835,2824,3843,46,-0.38,,47,47,28,46,17729,9,8,10,-0.36,12,10,13,9,8,10,3,2,3,0,0,1,-0.28,73,72,75,-0.48,,,,39,32,46,67,64,71,64,58,70,75,73,76,114983,44,41,46,0.80,8.5,0.41,Yes,1.29,91,73354,90,93,-1.06,1,0.69,44641,62781,71,68,75,-1.04,141062,153644,92,91,93,-0.57,3844,118475,3.2,-0.29,164670,38866,4.2,-0.41,12,9,16,-0.82,,1,20,13,8,884,79,74,84,-0.69,39,29,51,,,,,,,79,67,91,,,,,,,95,87,102,213,9.0,0.43,25,-0.50,
37027,North Carolina,Caldwell,,1921,12863,11936,13790,0.62,7491,4937,10899,,,,,,,,,,22774,16657,28891,,,,,,,,,,12773,11786,13760,,4.5,3.6,5.4,0.02,,9,9,10,0.49,7,5,9,,,,,,,19,14,23,,,,9,5,13,9,8,10,5.4,4.3,6.5,-0.50,19,17,21,-0.15,50,-0.84,,50,43,29,50,80,-0.78,6.4,0.92,40,50,2012:1,0.12,89,110,905:1,0.43,27,34,2981:1,0.45,2681,-0.14,,,441,3919,2692,47,-0.50,,,59,19,47,8211,13,11,15,0.57,11,10,13,8,7,10,2,2,3,1,0,2,-0.31,81,79,84,0.59,,,,,,,,,,79,67,91,80,78,83,35823,34,31,38,0.08,7.4,-0.14,No,-0.77,85,27903,83,87,-0.12,2,0.23,10218,17600,58,53,63,0.08,48350,58407,83,81,84,1.10,1229,36321,3.4,-0.18,112326,25511,4.4,-0.21,18,12,24,-0.11,,,7,33,15,436,107,97,117,0.24,56,31,94,,,,,,,151,102,215,,,,,,,110,99,121,102,12.7,-0.21,26,-0.42,
37029,North Carolina,Camden,,166,9189,6922,11457,-0.34,,,,,,,,,,,,,,,,,,,,,,,,,,,,,3.7,2.9,4.5,-1.23,,9,7,11,0.40,,,,,,,,,,,,,,,,,,,,,,4.9,4.0,5.9,-1.29,16,14,18,-0.86,44,-0.26,,,42,,44,62,0.01,8.8,-1.13,2,18,5418:1,0.98,6,54,1856:1,0.68,,,,0.10,3433,0.56,,,5280,,3008,56,-1.59,,,55,,57,875,9,8,11,-0.23,12,7,17,10,5,15,2,0,4,0,0,1,-0.19,77,72,82,-0.01,,,,,,,,,,,,,,,,5139,41,30,51,0.56,6.0,-0.84,No,-0.77,92,3641,88,96,-1.20,1,0.59,1999,2690,74,59,90,-1.32,6901,7422,93,90,96,-0.79,155,4765,3.3,-0.29,145040,41715,3.5,-1.36,9,6,11,-1.30,,,,18,6,48,88,65,117,-0.39,,,,,,,,,,,,,,,,,,,,,,10,9.0,0.43,18,-1.58,
37031,North Carolina,Carteret,,1431,10599,9601,11598,0.03,,,,,,,,,,,,,17567,11852,25078,,,,,,,,,,10483,9421,11545,,3.8,3.0,4.7,-0.97,,7,6,8,-0.56,8,5,11,,,,,,,14,9,20,,,,,,,7,6,8,5.1,4.1,6.1,-0.92,15,14,17,-0.90,50,-0.84,,52,44,24,51,85,-1.00,7.5,-0.02,42,61,1632:1,-0.20,141,203,494:1,0.04,58,84,1196:1,-1.02,2568,-0.24,,,2710,,2578,52,-1.10,,33,52,53,52,6159,12,11,14,0.39,11,10,13,10,9,11,1,0,1,1,0,1,-0.38,81,78,83,0.48,,,,,,,69,60,78,85,73,98,80,77,83,30547,29,26,32,-0.33,5.7,-0.99,No,-0.77,92,28708,91,93,-1.17,1,0.47,10401,14354,72,67,78,-1.16,48752,52589,93,92,94,-0.74,1060,32691,3.2,-0.30,135709,29080,4.7,0.12,14,9,20,-0.57,26,,18,25,8,387,112,101,123,0.40,,,,,,,,,,139,90,204,,,,,,,117,105,129,90,13.0,-0.27,19,-1.33,
37033,North Carolina,Caswell,,507,10423,8901,11945,-0.02,,,,,,,,,,,,,11836,8643,15029,,,,,,,,,,10691,8739,12643,,4.2,3.4,5.1,-0.39,,11,9,12,1.12,,,,,,,,,,21,17,25,,,,,,,8,6,9,5.1,4.1,6.2,-0.99,21,19,23,0.29,41,0.04,,,34,,43,44,0.80,7.9,-0.36,5,22,4543:1,0.89,16,70,1425:1,0.61,5,22,4523:1,0.78,2139,-0.64,,,2446,,1626,48,-0.62,,,47,,48,1972,12,11,14,0.44,10,7,12,9,6,11,1,0,2,0,0,0,-0.73,83,79,87,0.77,,,,,,,79,66,92,,,,67,59,75,9000,55,47,62,1.67,7.3,-0.19,No,-0.77,80,6905,76,83,0.73,1,0.83,2651,5093,52,44,60,0.60,13902,16619,84,81,86,0.94,349,9825,3.6,-0.04,106957,22147,4.8,0.33,23,15,32,0.53,,,23,41,11,137,121,101,141,0.71,,,,,,,,,,95,66,133,,,,,,,145,117,174,28,12.4,-0.16,25,-0.47,
37035,North Carolina,Catawba,,3106,11084,10474,11694,0.15,5915,4611,7473,,,,,,6421,4628,8680,,18549,15746,21353,,,,,,,,,,11301,10569,12034,,3.9,3.1,4.8,-0.82,,9,8,9,0.09,7,6,9,,,,8,6,9,16,14,18,,,,11,8,14,8,7,8,5.0,4.0,6.0,-1.15,18,16,20,-0.36,52,-1.03,,51,41,33,53,61,0.04,7.2,0.24,103,64,1570:1,-0.26,452,275,364:1,-0.27,101,62,1618:1,-0.38,2376,-0.42,,3480,2880,,2327,48,-0.62,,41,44,30,49,15622,12,11,13,0.32,12,10,13,8,7,10,3,2,4,1,0,1,-0.30,81,80,82,0.50,,,,85,79,92,80,73,87,74,61,86,84,82,86,75512,26,24,28,-0.59,7.9,0.11,No,-0.77,87,57039,86,89,-0.48,2,0.40,24886,38487,65,61,69,-0.49,98941,113077,87,86,89,0.22,2612,79367,3.3,-0.26,122756,28695,4.3,-0.36,16,11,20,-0.42,22,24,38,26,11,742,92,86,99,-0.25,41,28,57,,,,44,25,71,128,103,158,,,,,,,100,92,108,234,14.3,-0.50,22,-0.98,
37037,North Carolina,Chatham,,985,7552,6729,8375,-0.77,6624,4813,8892,,,,,,,,,,12303,9064,15542,,,,,,,,,,7068,6103,8032,,3.6,2.8,4.5,-1.31,,9,8,10,0.15,9,7,10,,,,9,4,14,15,11,18,,,,,,,8,7,9,4.7,3.7,5.7,-1.61,16,14,18,-0.73,59,-1.71,,63,44,30,61,73,-0.46,8.3,-0.70,73,94,1067:1,-1.09,146,179,559:1,0.14,40,50,1997:1,-0.04,1648,-1.09,,,2848,,1496,48,-0.62,,,39,32,50,6778,11,10,13,0.22,13,11,16,11,9,14,2,1,2,1,0,1,0.09,71,69,74,-0.78,,,,,,,62,50,74,76,66,85,59,56,63,35870,43,38,47,0.73,7.5,-0.09,No,-0.77,87,27956,85,89,-0.35,1,0.80,11190,15972,70,64,76,-0.95,52154,57701,90,89,92,-0.31,1126,38077,3.0,-0.53,186926,35697,5.2,0.84,12,8,15,-0.90,,,29,32,8,350,92,82,101,-0.27,60,40,87,,,,,,,91,65,124,,,,,,,100,89,112,73,9.1,0.41,21,-1.12,
37039,North Carolina,Cherokee,,678,12641,10855,14428,0.56,,,,,,,,,,,,,,,,,,,,,,,,,,,,,4.4,3.5,5.3,-0.15,,8,6,9,-0.33,12,5,19,,,,,,,,,,,,,,,,8,6,9,5.3,4.2,6.4,-0.57,20,18,22,0.10,38,0.33,44,,,38,38,98,-1.60,7.4,0.07,12,41,2431:1,0.36,50,167,599:1,0.19,12,41,2459:1,0.24,1814,-0.94,,,,,,40,0.35,31,,,,41,2696,13,11,15,0.65,10,8,12,9,7,11,1,0,1,1,0,1,-0.71,77,73,82,0.06,,,,,,,,,,,,,,,,11410,32,26,37,-0.13,6.1,-0.79,No,-0.77,82,10722,80,84,0.33,3,-0.12,2896,5241,55,46,65,0.32,20826,22779,91,90,93,-0.50,424,10968,3.9,0.22,102006,24760,4.1,-0.56,25,16,33,0.68,55,,,10,22,187,129,111,148,0.98,,,,,,,,,,,,,,,,,,,,,,30,10.2,0.23,24,-0.61,
37041,North Carolina,Chowan,,309,10588,8536,12640,0.03,,,,,,,,,,,,,13791,9845,17738,,,,,,,,,,9496,6867,12124,,4.5,3.6,5.4,0.01,,11,9,13,1.35,,,,,,,,,,17,13,21,,,,,,,8,6,11,5.3,4.2,6.5,-0.55,21,19,23,0.23,51,-0.93,,,45,,53,56,0.26,6.1,1.18,10,73,1372:1,-0.52,22,158,631:1,0.23,5,36,2788:1,0.38,2200,-0.58,,,999,,2344,48,-0.62,,,58,,45,1153,11,10,13,0.22,15,10,19,14,9,19,0,0,1,0,0,2,0.38,81,73,90,0.57,,,,,,,84,71,97,,,,82,74,90,5851,34,25,43,0.03,5.7,-0.99,No,-0.77,83,4989,77,89,0.16,3,-0.33,1491,3167,47,36,58,1.03,9172,10497,87,84,91,0.25,213,5916,3.6,0.00,112976,23040,4.9,0.42,25,15,34,0.69,,,61,,33,71,102,80,129,0.08,,,,,,,,,,99,63,149,,,,,,,107,78,144,19,13.6,-0.38,22,-0.95,
37043,North Carolina,Clay,,212,10396,7756,13036,-0.02,,,,,,,,,,,,,,,,,,,,,,,,,,,,,4.1,3.3,4.9,-0.57,,7,5,9,-0.66,,,,,,,,,,,,,,,,,,,,,,5.2,4.2,6.3,-0.73,18,16,21,-0.27,47,-0.55,,,,,,100,-1.66,7.8,-0.27,5,44,2262:1,0.27,18,152,659:1,0.26,8,69,1452:1,-0.59,2272,-0.52,,,,,,44,-0.13,,,,,,1024,13,11,15,0.61,18,12,25,14,8,20,1,0,3,3,0,7,1.26,79,72,87,0.29,,,,,,,,,,,,,,,,4118,29,21,37,-0.33,,-0.47,No,-0.77,79,3986,74,84,0.81,3,-0.12,1476,1990,74,60,88,-1.31,7953,8843,90,88,92,-0.23,156,4205,3.7,0.09,125328,21575,5.8,1.55,22,14,30,0.39,,,,10,4,63,111,85,142,0.37,,,,,,,,,,,,,,,,,,,,,,16,13.8,-0.41,25,-0.57,
37045,North Carolina,Cleveland,,2303,12476,11684,13269,0.52,,,,,,,,,,,,,15629,13687,17571,,,,,,,,,,12240,11303,13177,,4.4,3.6,5.4,-0.04,,11,10,11,0.99,9,6,11,,,,,,,17,15,18,,,,12,8,17,9,8,9,5.3,4.2,6.4,-0.64,21,19,23,0.27,50,-0.84,,50,42,32,51,64,-0.09,7.3,0.15,44,44,2281:1,0.28,166,164,611:1,0.20,42,42,2397:1,0.21,3429,0.56,,,3639,,3479,47,-0.50,,42,46,25,48,8671,11,10,12,0.11,15,13,18,12,10,14,3,2,5,1,0,1,0.53,82,80,84,0.69,,,,,,,84,78,90,83,72,94,82,79,85,43648,33,30,36,-0.05,8.1,0.21,No,-0.77,81,30059,78,83,0.55,1,0.79,13377,23721,56,52,61,0.22,60499,69170,87,86,89,0.23,1720,49621,3.5,-0.11,112657,23471,4.8,0.29,26,20,32,0.86,,14,52,32,20,509,103,94,112,0.10,,,,,,,,,,81,65,101,,,,,,,117,106,128,181,18.0,-1.14,25,-0.54,
37047,North Carolina,Columbus,,1426,16521,15212,17831,1.57,,,,,,,,,,,,,20975,18195,23756,,,,,,,,,,15633,13980,17285,,4.8,3.9,5.8,0.56,,12,11,13,1.47,10,7,13,,,,,,,18,16,20,,,,13,7,18,9,8,10,5.7,4.6,6.9,0.15,24,22,27,0.94,43,-0.16,50,,40,27,44,38,1.06,7.4,0.07,20,40,2505:1,0.39,84,168,597:1,0.19,14,28,3563:1,0.61,4056,1.14,,,5184,,3769,41,0.23,37,,49,,40,5003,14,12,16,0.71,14,12,17,13,11,16,2,0,3,1,0,1,0.33,85,82,88,1.04,95,88,100,,,,78,71,86,,,,84,81,87,19170,43,37,48,0.72,6.5,-0.59,No,-0.77,80,15427,78,82,0.63,1,0.87,6301,12007,52,47,58,0.56,30905,35724,87,85,88,0.41,892,22330,4.0,0.32,96418,20175,4.8,0.26,30,21,39,1.38,4,,41,16,22,376,141,127,156,1.39,,,,127,63,226,,,,151,124,178,,,,,,,152,132,171,55,11.0,0.08,28,-0.06,
37049,North Carolina,Craven,,1974,12560,11736,13384,0.54,8559,6353,11284,,,,,,,,,,17116,15012,19220,,,,,,,,,,11927,10915,12938,,4.1,3.3,5.0,-0.63,,9,8,10,0.31,8,6,10,,,,8,5,11,16,14,18,,,,8,5,11,7,7,8,5.1,4.1,6.2,-0.99,19,17,21,-0.11,53,-1.13,,40,46,41,55,88,-1.13,7.4,0.07,75,74,1342:1,-0.56,334,326,307:1,-0.49,62,61,1627:1,-0.37,2499,-0.31,,,3298,1961,2338,61,-2.20,,42,60,48,62,8447,11,9,13,0.11,15,13,17,12,11,14,2,2,3,1,0,2,0.44,79,77,82,0.27,,,,88,79,98,74,70,78,68,58,78,82,80,84,45534,26,23,29,-0.59,5.7,-0.99,No,-0.77,84,34654,81,86,0.12,1,0.53,16170,24244,67,62,72,-0.66,63104,68761,92,91,93,-0.57,1483,42784,3.5,-0.11,123580,28514,4.3,-0.29,25,20,30,0.75,,11,30,35,12,632,124,115,134,0.82,53,33,81,,,,,,,122,101,143,,,,,,,141,128,153,125,12.4,-0.16,29,0.05,
37051,North Carolina,Cumberland,,5833,12884,12450,13318,0.62,6824,5949,7698,,17354,13335,21374,,5019,3515,6948,,16162,15343,16980,,,,,,,,,,12374,11723,13026,,4.3,3.5,5.2,-0.19,,10,10,10,0.82,8,7,9,13,10,16,8,6,10,15,14,15,6,3,10,10,9,11,7,7,7,5.2,4.3,6.2,-0.79,19,17,21,-0.19,37,0.42,33,39,31,28,41,87,-1.10,6.5,0.83,237,71,1416:1,-0.46,1573,466,215:1,-1.09,376,112,895:1,-1.84,3102,0.25,3619,2056,3323,2611,3019,38,0.59,26,27,37,31,40,29113,11,10,12,0.04,18,17,19,16,15,17,2,2,3,1,0,1,1.24,77,76,78,-0.05,85,82,89,75,61,88,78,76,79,78,75,81,83,82,83,155734,26,25,28,-0.57,6.8,-0.44,No,-0.77,90,114911,89,90,-0.81,1,0.60,69448,97846,71,69,73,-1.03,194300,209827,93,92,93,-0.72,6102,129432,4.7,0.92,111592,25810,4.3,-0.30,22,18,26,0.37,31,24,31,24,13,1916,114,109,119,0.48,60,50,71,181,132,242,46,28,71,117,109,126,,,,,,,138,129,147,308,9.1,0.41,27,-0.22,
37053,North Carolina,Currituck,,481,6918,5917,7918,-0.93,,,,,,,,,,,,,,,,,,,,,,,,,,,,,3.6,2.9,4.4,-1.30,,7,6,9,-0.43,,,,,,,,,,24,16,32,,,,,,,7,5,8,4.9,4.0,6.0,-1.20,14,13,16,-1.09,46,-0.45,,50,43,33,46,87,-1.08,8.8,-1.13,8,27,3707:1,0.75,26,82,1215:1,0.56,5,16,6203:1,0.96,3386,0.52,,,2947,,3378,45,-0.26,,,53,,44,2536,10,8,11,-0.13,11,8,14,10,7,12,1,0,2,0,0,1,-0.38,79,76,83,0.29,,,,,,,,,,,,,,,,15077,63,56,69,2.31,6.0,-0.84,No,-0.77,91,10508,88,94,-1.08,1,0.59,4976,7437,67,58,75,-0.68,19991,21289,94,92,95,-0.96,455,14881,3.1,-0.45,162347,41706,3.9,-0.84,11,7,14,-1.05,,,,11,7,107,74,60,88,-0.86,,,,,,,,,,,,,,,,,,,,,,29,9.4,0.37,18,-1.45,
37055,North Carolina,Dare,,580,8307,7187,9427,-0.57,,,,,,,,,,,,,,,,,,,,,,,,,,,,,3.4,2.6,4.2,-1.64,,6,5,7,-1.03,8,5,10,,,,,,,,,,,,,,,,6,4,7,4.6,3.6,5.7,-1.68,12,11,14,-1.53,50,-0.84,,33,36,32,50,66,-0.17,7.9,-0.36,22,58,1719:1,-0.11,82,215,465:1,-0.02,25,66,1518:1,-0.50,1460,-1.27,,,,,,44,-0.13,,,40,,45,3170,11,9,13,0.12,14,11,16,12,9,14,3,1,4,0,0,0,0.20,74,70,77,-0.45,,,,,,,65,48,82,69,61,77,75,71,78,18805,24,20,28,-0.76,5.9,-0.89,No,-0.77,93,15309,92,94,-1.30,1,0.59,5583,7898,71,63,78,-1.01,27143,28503,95,94,96,-1.21,801,20255,4.0,0.29,154906,37202,4.2,-0.50,13,9,18,-0.71,,,73,37,5,206,110,95,125,0.35,,,,,,,,,,,,,,,,,,,,,,54,14.2,-0.49,27,-0.18,
37057,North Carolina,Davidson,,3516,12217,11594,12839,0.45,6239,4825,7937,,,,,,,,,,15029,12876,17182,,,,,,,,,,12739,12004,13474,,4.1,3.3,5.0,-0.61,,10,9,11,0.74,8,7,9,,,,15,11,19,17,15,19,,,,7,4,10,9,9,10,5.1,4.2,6.3,-0.86,18,16,20,-0.36,48,-0.64,,43,43,33,49,64,-0.08,7.1,0.32,48,28,3555:1,0.72,221,126,791:1,0.37,38,22,4542:1,0.79,3185,0.33,,,5011,,3113,46,-0.38,,33,44,28,46,16994,12,11,14,0.40,11,10,13,10,8,11,2,1,2,0,0,1,-0.33,80,78,81,0.35,,,,60,50,69,78,69,87,64,57,70,75,73,77,76260,32,30,34,-0.11,8.3,0.31,No,-0.77,87,59697,86,88,-0.42,1,0.48,24498,40832,60,56,64,-0.09,105880,120730,88,87,89,0.19,2742,81401,3.4,-0.19,118595,27995,4.2,-0.41,21,17,26,0.27,67,33,36,34,16,996,118,110,125,0.59,52,36,72,,,,,,,105,84,129,,,,,,,130,121,138,176,10.2,0.22,26,-0.39,
37059,North Carolina,Davie,,730,9312,8172,10453,-0.31,,,,,,,,,,,,,17682,11750,25556,,,,,,,,,,8846,7650,10042,,3.9,3.1,4.8,-0.90,,8,7,9,-0.08,7,5,10,,,,,,,15,10,20,,,,,,,8,6,9,4.9,3.9,6.0,-1.24,17,15,20,-0.46,55,-1.32,,,45,32,56,67,-0.20,7.4,0.07,18,41,2419:1,0.35,46,103,970:1,0.47,18,41,2449:1,0.23,2285,-0.50,,,3266,2606,2142,50,-0.86,,,45,,50,3510,10,9,12,-0.05,13,10,16,10,7,13,2,1,3,1,0,2,-0.03,80,78,83,0.45,,,,,,,77,63,90,85,73,97,80,75,86,19625,40,35,45,0.54,8.3,0.31,Yes,1.29,92,15467,89,94,-1.12,1,0.59,5867,9330,63,56,70,-0.34,28209,31091,91,89,92,-0.37,651,20731,3.1,-0.38,139303,36149,3.9,-0.89,14,9,19,-0.63,,,6,18,14,229,106,92,119,0.20,,,,,,,,,,155,96,237,,,,,,,110,95,125,48,10.9,0.10,24,-0.65,
37061,North Carolina,Duplin,,1068,11990,10870,13110,0.39,8371,6595,10477,,,,,,,,,,16477,13647,19307,,,,,,,,,,11734,10092,13376,,4.6,3.7,5.5,0.16,,9,8,10,0.25,7,6,9,,,,,,,14,12,16,,,,,,,8,7,9,5.3,4.2,6.4,-0.64,23,20,25,0.63,42,-0.06,,,35,16,45,27,1.55,7.2,0.24,11,23,4410:1,0.87,37,75,1338:1,0.59,14,29,3499:1,0.59,3162,0.31,,,2756,2302,3198,46,-0.38,,,43,21,48,6022,16,14,18,1.13,14,11,16,9,7,11,5,3,6,1,0,1,0.21,80,77,84,0.43,,,,,,,76,71,81,70,64,76,82,79,86,21566,40,35,45,0.53,5.9,-0.89,No,-0.77,79,15848,76,82,0.84,0,1.06,6094,10777,57,50,63,0.21,27155,33151,82,80,84,1.26,846,25522,3.3,-0.24,102132,23025,4.4,-0.16,27,20,34,0.96,,,41,39,14,282,103,91,115,0.11,58,41,80,,,,,,,114,90,143,,,,,,,122,103,140,60,12.2,-0.14,28,-0.13,
37063,North Carolina,Durham,,3633,7259,6927,7591,-0.84,5468,4708,6228,,,,,,2338,1599,3300,,11529,10790,12268,,,,,,,,,,5007,4591,5422,,3.5,2.8,4.2,-1.44,,9,9,9,0.29,7,7,8,,,,10,9,12,14,13,14,,,,9,7,11,6,6,7,4.6,3.8,5.5,-1.69,14,13,16,-1.13,57,-1.51,,58,46,40,62,91,-1.26,8.0,-0.44,390,120,836:1,-1.81,2600,772,130:1,-2.41,251,75,1325:1,-0.78,2295,-0.49,,658,3531,1003,1721,52,-1.10,,41,49,32,54,28260,11,9,12,0.03,16,15,17,13,12,14,3,2,3,1,0,1,0.66,66,64,67,-1.50,54,47,60,65,60,69,71,68,74,70,65,74,73,72,75,170791,27,25,28,-0.53,7.3,-0.19,No,-0.77,93,128562,92,94,-1.29,1,0.51,82766,106243,78,75,81,-1.63,207190,228405,91,90,91,-0.37,5581,182531,3.1,-0.45,158764,35368,4.5,-0.10,15,11,19,-0.48,9,3,21,27,3,1285,79,75,83,-0.69,44,36,53,,,,23,15,36,108,99,116,,,,,,,77,71,83,347,10.4,0.18,30,0.20,
37065,North Carolina,Edgecombe,,1294,16248,14865,17632,1.50,,,,,,,,,,,,,18292,16332,20253,,,,,,,,,,14943,12663,17222,,4.7,3.8,5.6,0.33,,13,12,14,2.16,5,3,8,,,,,,,15,14,17,,,,18,10,25,10,8,12,5.5,4.5,6.6,-0.24,23,21,26,0.71,45,-0.35,,,40,18,48,67,-0.22,6.9,0.49,19,39,2545:1,0.41,36,74,1356:1,0.59,14,29,3450:1,0.58,3131,0.28,,,3296,,2882,49,-0.74,,,48,,50,4056,11,9,13,0.14,17,15,20,15,12,17,3,2,4,1,0,2,1.06,79,76,81,0.23,,,,,,,79,74,85,,,,83,79,88,20135,32,27,37,-0.10,6.7,-0.49,Yes,1.29,78,15152,75,80,1.04,1,0.54,5988,11411,52,46,59,0.56,28600,33892,84,83,86,0.80,1149,20046,5.7,1.76,102732,20556,5.0,0.54,39,29,49,2.47,12,,47,29,25,357,142,127,157,1.41,,,,,,,,,,132,113,150,,,,,,,178,150,205,52,10.8,0.12,31,0.34,
37067,North Carolina,Forsyth,,5938,9571,9209,9934,-0.24,7482,6637,8326,,,,,,,,,,13762,12914,14610,,,,,,,,,,8293,7834,8751,,3.9,3.2,4.8,-0.79,,11,10,11,1.03,9,8,10,,,,10,8,12,17,16,18,38,24,52,11,9,13,7,7,8,5.0,4.1,6.0,-1.11,17,15,18,-0.65,54,-1.22,,45,39,34,57,81,-0.82,6.8,0.58,439,114,878:1,-1.65,1532,390,256:1,-0.77,255,66,1526:1,-0.49,2794,-0.03,,2814,4361,2722,2346,50,-0.86,,48,42,28,52,35601,11,10,13,0.22,15,14,16,13,12,14,2,2,2,1,0,1,0.54,75,74,77,-0.22,,,,74,68,80,75,72,78,69,66,73,79,78,80,178296,25,23,26,-0.68,8.1,0.21,No,-0.77,89,138910,88,90,-0.74,2,0.08,67258,97657,69,66,72,-0.85,233716,259909,90,89,91,-0.22,6661,188507,3.5,-0.06,129626,28066,4.6,0.06,23,19,27,0.52,24,17,32,37,8,1894,99,94,103,-0.04,50,42,59,178,85,327,,,,98,89,107,,,,,,,117,111,124,417,10.7,0.13,28,-0.12,
37069,North Carolina,Franklin,,1185,9622,8769,10475,-0.23,6580,4656,9031,,,,,,,,,,13176,11082,15270,,,,,,,,,,8844,7807,9881,,4.0,3.2,4.9,-0.70,,9,8,10,0.34,7,5,9,,,,,,,17,15,19,,,,10,5,15,7,6,8,5.1,4.1,6.3,-0.84,18,16,20,-0.36,53,-1.13,,60,43,28,56,64,-0.07,8.5,-0.87,9,13,7967:1,1.15,108,140,713:1,0.31,8,11,9317:1,1.12,3149,0.30,,,3567,,3137,44,-0.13,,55,41,26,44,7618,13,11,14,0.49,13,10,15,10,8,12,3,2,4,1,0,1,-0.06,80,79,80,0.34,,,,,,,60,54,66,72,61,84,69,64,74,33371,60,55,65,2.08,7.3,-0.19,Yes,1.29,88,24053,85,90,-0.50,0,0.92,11108,17800,62,57,68,-0.29,44116,50324,88,86,89,0.19,1217,34905,3.5,-0.09,128316,30675,4.2,-0.48,15,10,20,-0.50,,,20,24,7,366,103,92,114,0.11,57,34,89,,,,,,,86,68,107,,,,,,,121,107,136,57,7.6,0.67,23,-0.84,
37071,North Carolina,Gaston,,4741,11889,11379,12399,0.36,5838,4623,7052,,,,,,,,,,14263,12962,15564,,,,,,,,,,12086,11465,12707,,4.2,3.3,5.1,-0.42,,10,10,11,0.84,8,7,9,,,,8,5,11,15,14,17,,,,11,8,14,9,8,9,5.1,4.1,6.2,-0.89,18,16,20,-0.32,51,-0.93,,51,41,28,52,74,-0.54,7.1,0.32,121,52,1908:1,0.05,716,302,331:1,-0.39,129,55,1816:1,-0.18,3752,0.85,,,5076,1327,3655,46,-0.38,,44,40,21,47,21544,11,10,12,0.16,15,14,16,13,11,14,2,2,3,1,1,1,0.47,78,77,79,0.15,,,,67,59,75,72,69,76,62,56,68,77,75,79,107930,42,40,44,0.70,8.4,0.36,Yes,1.29,87,80454,86,88,-0.43,2,0.39,39548,60535,65,62,68,-0.55,141704,160932,88,87,89,0.12,3965,116898,3.4,-0.17,127481,27169,4.7,0.16,19,14,23,-0.06,,3,17,38,10,1055,93,87,98,-0.24,39,28,55,,,,,,,83,71,96,,,,,,,105,97,112,300,12.8,-0.24,21,-1.15,
37073,North Carolina,Gates,,225,11366,8871,13861,0.23,,,,,,,,,,,,,16136,10964,22904,,,,,,,,,,9907,6917,12896,,4.3,3.4,5.2,-0.25,,10,7,12,0.52,,,,,,,,,,21,15,27,,,,,,,5,3,7,5.4,4.4,6.4,-0.48,19,17,21,-0.15,44,-0.26,,,43,,44,27,1.57,7.5,-0.02,,,,0.05,,,,-0.07,1,10,10383:1,1.15,3109,0.26,,,3525,,2806,47,-0.50,,,51,,45,729,9,8,11,-0.28,13,9,18,12,8,17,1,0,2,0,0,1,0.07,85,82,89,1.11,,,,,,,,,,,,,,,,4332,62,52,72,2.27,6.1,-0.79,No,-0.77,74,3134,69,80,1.54,1,0.65,1142,2022,56,43,70,0.22,6769,7554,90,86,93,-0.17,174,5203,3.3,-0.21,106222,26061,4.1,-0.61,20,12,27,0.06,,,9,,10,60,108,83,140,0.29,,,,,,,,,,148,96,219,,,,,,,96,67,135,10,9.6,0.32,20,-1.16,
37075,North Carolina,Graham,,176,11941,9125,14756,0.38,,,,,,,,,,,,,,,,,,,,,,,,,,,,,4.4,3.5,5.4,-0.09,,8,6,11,-0.05,,,,,,,,,,,,,,,,,,,,,,5.5,4.4,6.7,-0.19,19,17,21,-0.13,32,0.91,22,,,,32,100,-1.67,7.7,-0.19,3,37,2681:1,0.46,8,99,1007:1,0.48,2,25,3990:1,0.70,1917,-0.84,,,,,,38,0.59,25,,,,38,974,16,14,19,1.30,10,6,15,7,2,11,1,0,3,3,0,5,-0.61,83,77,89,0.73,,,,,,,,,,,,,,,,3150,28,18,38,-0.44,5.9,-0.89,No,-0.77,81,2672,75,86,0.56,3,-0.12,872,1712,51,38,64,0.70,4898,5779,85,80,90,0.73,128,2940,4.4,0.62,109508,24035,4.6,-0.01,23,15,32,0.53,,,,8,5,40,97,69,131,-0.11,,,,,,,,,,,,,,,,,,,,,,11,13.8,-0.41,24,-0.65,
37077,North Carolina,Granville,,1117,9720,8812,10628,-0.20,6549,4386,9405,,,,,,,,,,10802,9190,12414,,,,,,,,,,9783,8499,11067,,4.1,3.3,5.1,-0.49,,10,9,11,0.81,7,5,9,,,,,,,16,14,18,,,,,,,8,7,9,5.2,4.2,6.4,-0.70,19,17,21,-0.11,47,-0.55,,,41,38,49,48,0.65,7.7,-0.19,32,52,1937:1,0.07,246,396,253:1,-0.79,18,29,3439:1,0.58,2849,0.02,,,2595,,2913,44,-0.13,,,42,25,45,5654,12,10,14,0.33,14,11,16,13,10,15,1,0,2,1,0,1,0.21,80,74,86,0.40,,,,,,,81,76,86,68,52,84,77,72,81,26082,52,47,57,1.49,7.3,-0.19,No,-0.77,89,19688,87,91,-0.68,2,0.38,9302,15179,61,55,67,-0.20,37935,43795,87,85,88,0.39,929,30481,3.0,-0.46,131214,27009,4.9,0.36,16,10,21,-0.40,,,29,20,7,281,92,81,103,-0.25,51,28,85,,,,,,,77,61,97,,,,,,,107,92,123,68,11.0,0.08,21,-1.01,
37079,North Carolina,Greene,,395,9574,8028,11120,-0.24,,,,,,,,,,,,,11262,8448,14077,,,,,,,,,,8439,6450,10428,,4.8,3.9,5.8,0.49,,11,10,13,1.31,8,5,10,,,,,,,18,14,21,,,,,,,8,6,11,5.2,4.2,6.4,-0.72,25,22,28,1.07,48,-0.64,,,37,39,52,75,-0.57,7.8,-0.27,3,15,6806:1,1.09,13,63,1579:1,0.64,7,35,2887:1,0.42,2736,-0.09,,,1613,,2818,49,-0.74,,,45,,51,2390,18,16,20,1.61,16,12,20,12,9,15,3,2,5,2,1,3,0.74,88,79,97,1.43,,,,,,,71,55,88,86,70,100,87,78,96,7966,40,33,48,0.54,6.4,-0.64,No,-0.77,80,5494,76,85,0.60,2,0.26,2593,5790,45,38,51,1.23,11331,14557,78,74,81,2.01,279,9652,2.9,-0.59,92093,22861,4.0,-0.67,30,20,40,1.32,,,45,58,28,93,90,72,110,-0.34,,,,,,,,,,79,53,113,,,,,,,117,88,151,18,8.9,0.45,25,-0.49,
37081,North Carolina,Guilford,,7788,9267,8965,9568,-0.32,6150,5341,6958,,,,,,4120,3294,4945,,12159,11591,12727,,,,,,,,,,8448,8014,8882,,3.8,3.0,4.5,-1.07,,10,10,10,0.84,7,7,8,7,3,11,9,8,10,14,13,15,,,,13,11,14,7,7,8,5.4,4.5,6.3,-0.47,18,16,20,-0.40,52,-1.03,42,42,40,32,56,90,-1.21,7.7,-0.19,438,81,1238:1,-0.73,1944,354,283:1,-0.61,333,61,1640:1,-0.36,2468,-0.33,,1432,3353,1418,2150,48,-0.62,,30,42,37,50,43406,10,9,11,-0.08,15,14,16,12,12,13,3,2,3,1,1,1,0.54,75,73,76,-0.34,73,55,91,74,69,79,74,72,76,73,71,75,81,79,82,260269,25,23,26,-0.70,6.4,-0.64,No,-0.77,89,192743,89,90,-0.76,2,0.32,100195,139436,72,69,74,-1.11,324413,359349,90,90,91,-0.29,10178,260038,3.9,0.26,133045,28733,4.6,0.08,21,17,24,0.20,45,14,34,28,5,2635,98,94,101,-0.07,53,44,63,89,43,163,28,20,39,96,90,102,,,,,,,118,112,124,603,11.0,0.07,27,-0.28,
37083,North Carolina,Halifax,,1309,15815,14434,17195,1.39,,,,,,,,,,,,,18866,16828,20904,,,,,,,,,,12163,10191,14134,,4.9,4.0,5.9,0.59,,14,13,15,2.56,9,5,14,10,4,16,,,,17,15,18,,,,18,10,26,10,8,11,5.4,4.4,6.7,-0.37,25,23,28,1.17,45,-0.35,53,61,38,44,49,52,0.46,7.0,0.41,23,48,2099:1,0.18,83,175,570:1,0.15,15,31,3190:1,0.51,3306,0.44,5078,,3556,,3234,51,-0.98,41,,49,62,52,4247,12,10,14,0.39,19,16,22,16,14,19,2,1,3,2,1,3,1.37,77,75,79,-0.01,,,,,,,76,72,79,,,,84,80,88,17633,34,30,39,0.08,6.7,-0.49,No,-0.77,70,14234,68,73,2.16,1,0.77,5863,11186,52,46,59,0.57,27909,34495,81,78,83,1.45,998,19274,5.2,1.30,94546,15592,6.1,1.87,42,33,51,2.79,54,,50,40,22,322,131,117,145,1.03,,,,133,69,232,,,,127,108,147,,,,,,,148,123,172,50,10.4,0.18,28,-0.05,
37085,North Carolina,Harnett,,2267,10064,9487,10640,-0.11,6001,4801,7200,,,,,,,,,,13546,12049,15043,,,,,,,,,,9702,8976,10429,,4.4,3.5,5.3,-0.10,,9,8,9,0.04,7,6,8,11,5,18,7,3,11,15,14,17,,,,9,6,11,7,6,7,5.4,4.3,6.5,-0.46,20,17,22,-0.02,47,-0.55,,35,36,30,49,70,-0.32,7.5,-0.02,37,27,3675:1,0.74,157,111,901:1,0.43,71,51,1955:1,-0.07,3982,1.07,,,7029,1202,3538,40,0.35,,18,40,22,41,13834,12,10,13,0.30,13,12,15,11,10,12,2,1,2,1,1,1,0.08,80,78,82,0.39,,,,,,,73,67,79,65,57,74,73,70,76,58697,51,48,55,1.42,7.5,-0.09,No,-0.77,83,40612,82,85,0.13,1,0.65,26271,40061,66,62,69,-0.57,79797,90001,89,88,90,0.01,2173,55643,3.9,0.25,123271,28646,4.3,-0.33,18,14,23,-0.09,12,3,31,20,18,699,102,95,110,0.09,43,31,58,,,,,,,118,100,136,,,,,,,115,105,126,106,7.6,0.67,21,-1.14,
37087,North Carolina,Haywood,,1297,10920,9896,11943,0.11,,,,,,,,,,,,,,,,,,,,,,,,,,,,,4.1,3.2,5.0,-0.61,,9,8,10,0.36,7,4,11,,,,,,,,,,,,,,,,9,8,10,5.1,4.1,6.3,-0.86,16,14,18,-0.82,49,-0.74,,45,44,16,49,72,-0.45,7.8,-0.27,43,69,1453:1,-0.41,256,407,246:1,-0.84,28,45,2236:1,0.12,2375,-0.42,,,,,,44,-0.13,,45,46,19,44,5652,12,10,14,0.37,14,12,16,13,10,15,1,1,2,0,0,1,0.28,79,78,80,0.25,,,,,,,,,,53,44,63,78,76,80,27369,34,30,38,0.07,5.8,-0.94,No,-0.77,83,22199,81,85,0.22,2,0.12,9154,14087,65,59,71,-0.52,43291,47259,92,90,93,-0.54,924,30680,3.0,-0.49,120089,27268,4.4,-0.20,17,11,24,-0.21,,,,21,17,397,127,115,140,0.91,,,,,,,,,,,,,,,,,,,,,,96,15.3,-0.68,22,-1.00,
37089,North Carolina,Henderson,,1860,8875,8169,9580,-0.42,6417,4908,8242,,,,,,,,,,15944,11441,21629,,,,,,,,,,8898,8088,9707,,3.9,3.1,4.8,-0.85,,8,8,9,0.01,8,7,10,,,,13,6,20,17,12,22,,,,8,4,13,8,7,9,5.1,4.1,6.2,-0.97,16,14,18,-0.78,51,-0.93,,34,38,35,52,72,-0.43,7.5,-0.02,102,87,1145:1,-0.91,328,275,364:1,-0.27,74,63,1596:1,-0.40,1369,-1.35,,,3721,879,1260,50,-0.86,,45,47,44,50,11712,14,12,15,0.68,12,10,13,10,9,12,1,1,2,0,0,1,-0.26,79,77,81,0.22,,,,,,,71,63,80,67,60,74,79,77,82,53183,29,26,32,-0.36,6.3,-0.69,Yes,1.29,88,44371,87,89,-0.56,3,-0.01,16716,25658,65,60,70,-0.53,79816,87598,91,90,92,-0.45,1638,56343,2.9,-0.57,129933,30970,4.2,-0.47,16,11,20,-0.43,,12,23,33,14,651,111,102,119,0.37,56,39,78,,,,,,,152,101,220,,,,,,,118,108,128,133,11.3,0.03,25,-0.54,
37091,North Carolina,Hertford,,513,13851,11849,15852,0.88,,,,,,,,,,,,,15510,12778,18243,,,,,,,,,,13930,10162,17699,,4.5,3.6,5.5,0.10,,11,10,13,1.38,,,,,,,,,,15,12,17,,,,,,,6,4,8,5.2,4.1,6.3,-0.79,25,23,28,1.17,30,1.10,,,28,,32,55,0.32,6.9,0.49,13,61,1637:1,-0.19,52,267,374:1,-0.24,9,43,2319:1,0.17,3037,0.19,,,3751,,2356,49,-0.74,,,54,,45,1581,12,10,14,0.30,16,14,19,14,12,17,2,1,3,1,0,1,0.75,77,73,81,-0.01,,,,,,,84,81,88,,,,85,80,89,8162,36,30,42,0.23,6.2,-0.74,No,-0.77,80,6623,76,83,0.74,1,0.65,2444,4634,53,46,60,0.54,12081,14260,85,83,87,0.74,393,8415,4.7,0.88,98894,20573,4.8,0.30,32,22,42,1.60,,,36,57,5,112,99,81,118,-0.01,,,,,,,,,,83,63,108,,,,,,,144,108,188,33,15.8,-0.76,31,0.32,
37093,North Carolina,Hoke,,930,12067,11046,13088,0.41,6206,4433,8450,,23045,17826,28264,,,,,,15061,12921,17200,,,,,,,,,,10445,8943,11948,,4.4,3.5,5.3,-0.14,,10,9,10,0.51,7,6,9,14,11,18,9,3,14,15,14,17,,,,12,9,16,6,5,7,5.3,4.3,6.5,-0.52,21,19,23,0.25,41,0.04,25,43,37,31,45,61,0.06,7.2,0.24,11,21,4829:1,0.92,111,204,491:1,0.03,6,11,8965:1,1.10,3483,0.61,,,4034,743,3398,43,-0.01,,45,41,50,45,5138,11,10,13,0.16,17,15,20,15,13,18,2,1,3,0,0,1,0.99,81,78,84,0.54,85,75,95,,,,76,71,80,56,46,66,61,48,74,21631,51,45,56,1.38,7.3,-0.19,No,-0.77,88,16593,87,90,-0.62,0,0.91,10662,16456,65,59,70,-0.50,30574,34406,89,87,90,-0.03,911,20525,4.4,0.69,114080,22534,5.1,0.62,24,19,30,0.65,22,,27,26,12,269,99,87,110,-0.04,58,37,87,229,170,302,,,,106,86,129,,,,,,,87,70,107,25,4.6,1.19,25,-0.57,
37095,North Carolina,Hyde,,82,8578,5700,12397,-0.50,,,,,,,,,,,,,,,,,,,,,,,,,,,,,4.8,3.9,5.7,0.45,,9,6,13,0.38,,,,,,,,,,,,,,,,,,,,,,5.3,4.2,6.5,-0.59,25,23,28,1.21,32,0.91,,,31,,33,54,0.35,3.6,3.00,1,22,4508:1,0.88,1,22,4607:1,0.82,,,,0.10,2150,-0.63,,,,,,43,-0.01,,,50,,41,529,19,16,22,1.82,19,10,28,17,7,26,3,0,6,1,0,2,1.41,74,69,80,-0.35,,,,,,,,,,,,,,,,1593,20,8,31,-1.09,5.5,-1.09,No,-0.77,69,1457,63,75,2.36,1,0.69,545,998,55,34,75,0.38,3190,3674,87,81,93,0.35,103,1774,5.8,1.82,79863,22539,3.5,-1.28,31,21,41,1.50,,,54,52,36,27,112,74,163,0.41,,,,,,,,,,,,,,,,,,,,,,5,10.9,0.09,30,0.23,
37097,North Carolina,Iredell,,2870,8077,7613,8542,-0.63,4743,3610,6118,,,,,,,,,,14009,12260,15759,,,,,,,,,,7768,7231,8305,,3.7,3.0,4.6,-1.09,,9,8,9,0.19,8,6,9,,,,8,6,10,16,15,18,,,,12,8,16,7,7,8,4.9,3.9,6.0,-1.17,16,14,18,-0.76,50,-0.84,,54,38,30,51,67,-0.20,8.1,-0.53,130,68,1477:1,-0.37,523,262,382:1,-0.22,112,57,1749:1,-0.24,2971,0.13,,,6632,1623,2679,52,-1.10,,36,50,49,52,16078,10,9,11,-0.12,11,10,12,9,8,10,2,1,2,1,0,1,-0.43,75,73,76,-0.31,,,,66,56,76,72,67,77,65,57,72,76,74,78,93622,33,31,35,-0.03,8.6,0.46,No,-0.77,93,68451,92,93,-1.26,1,0.67,32440,47569,68,65,72,-0.79,121789,133520,91,90,92,-0.46,3134,96551,3.2,-0.29,151283,35911,4.2,-0.44,12,8,15,-0.88,37,2,23,21,7,699,75,69,80,-0.83,39,26,55,,,,44,22,79,87,70,106,,,,,,,80,73,86,213,10.9,0.10,22,-0.96,
37099,North Carolina,Jackson,,689,10730,9502,11959,0.06,,,,,27218,20689,33748,,,,,,,,,,,,,,,,,,9072,7779,10365,,4.3,3.5,5.3,-0.20,,9,8,10,0.33,10,7,13,10,7,13,,,,,,,,,,13,6,21,9,7,10,5.3,4.2,6.4,-0.57,17,15,19,-0.55,48,-0.64,37,23,33,30,48,98,-1.60,7.6,-0.10,31,71,1400:1,-0.48,212,476,210:1,-1.14,19,44,2261:1,0.14,1923,-0.84,5677,,,,1725,40,0.35,24,,,,40,4685,16,13,18,1.13,16,13,19,13,10,15,3,2,5,1,0,2,0.74,82,80,84,0.67,82,74,90,,,,,,,55,40,69,84,82,86,18419,27,22,32,-0.50,6.3,-0.69,Yes,1.29,76,13893,74,79,1.20,3,-0.05,5102,9321,55,47,62,0.37,25157,28020,90,87,92,-0.20,720,20030,3.6,-0.01,102914,21790,4.7,0.19,21,15,28,0.28,26,44,,46,20,228,105,91,118,0.16,,,,279,206,370,,,,,,,,,,,,,98,83,112,65,15.1,-0.64,27,-0.26,
37101,North Carolina,Johnston,,3139,8163,7741,8585,-0.61,6250,5323,7177,,,,,,,,,,10691,9473,11909,,,,,,,,,,8003,7477,8530,,3.9,3.2,4.8,-0.80,,8,8,9,-0.02,8,7,9,,,,8,4,11,14,13,15,,,,11,8,14,7,6,7,5.0,4.1,5.9,-1.14,18,16,20,-0.34,51,-0.93,,50,44,34,52,97,-1.53,8.4,-0.79,61,27,3713:1,0.75,275,114,880:1,0.42,61,26,3849:1,0.67,3758,0.86,,,3300,4264,3800,45,-0.26,,26,45,25,46,25321,13,11,14,0.48,13,11,15,10,8,12,3,2,4,0,0,1,0.03,77,76,79,0.05,,,,,,,69,63,75,68,62,73,71,68,74,109718,55,52,58,1.71,6.6,-0.54,Yes,1.29,86,70913,85,87,-0.28,0,0.98,39605,60104,66,62,69,-0.59,135548,151489,89,89,90,-0.14,3526,110895,3.2,-0.35,143512,33496,4.3,-0.35,14,10,18,-0.61,4,5,27,33,5,937,86,80,92,-0.46,43,33,54,,,,,,,80,67,92,,,,,,,100,93,108,186,7.9,0.62,24,-0.64,
37103,North Carolina,Jones,,239,12786,9777,15796,0.60,,,,,,,,,,,,,,,,,,,,,,,,,,,,,4.4,3.6,5.3,-0.03,,8,6,10,-0.40,,,,,,,,,,10,5,15,,,,,,,6,4,8,5.5,4.4,6.6,-0.31,22,19,24,0.46,50,-0.84,,,49,,50,65,-0.10,8.0,-0.44,6,65,1543:1,-0.29,4,43,2350:1,0.73,,,,0.10,3406,0.53,,,2627,,3342,57,-1.71,,,64,,56,935,14,11,16,0.68,13,9,18,10,6,14,3,1,4,1,0,2,0.12,81,77,85,0.54,,,,,,,,,,,,,,,,3820,45,37,53,0.93,5.7,-0.99,Yes,1.29,76,2983,71,82,1.25,2,0.26,1128,1987,57,47,67,0.19,5962,6896,86,83,90,0.42,138,4370,3.2,-0.37,98204,21099,4.7,0.11,30,20,40,1.39,,,61,36,9,48,103,76,136,0.09,,,,,,,,,,74,36,137,,,,,,,120,84,167,9,9.7,0.30,28,-0.13,
37105,North Carolina,Lee,,1253,12122,11118,13125,0.43,6888,5399,8660,,,,,,,,,,19432,16459,22405,,,,,,,,,,11674,10329,13018,,4.4,3.6,5.4,-0.08,,10,9,11,0.68,8,7,9,,,,,,,15,13,18,,,,8,4,12,9,8,10,5.2,4.2,6.4,-0.67,21,18,23,0.19,50,-0.84,,37,41,25,52,64,-0.09,7.1,0.32,33,51,1944:1,0.07,146,218,459:1,-0.03,35,53,1871:1,-0.13,2916,0.08,,,4815,1429,2692,46,-0.38,,39,47,16,48,7325,14,12,16,0.72,15,12,17,12,10,14,4,2,5,0,0,1,0.39,81,78,84,0.48,,,,,,,81,74,87,77,70,83,84,80,87,29122,39,34,44,0.45,7.3,-0.19,No,-0.77,76,18749,73,79,1.27,1,0.81,10492,16469,64,58,69,-0.41,37287,43796,85,83,87,0.66,1024,25704,4.0,0.32,118289,27347,4.3,-0.30,23,17,29,0.48,,,43,28,16,355,113,101,124,0.43,40,26,58,,,,,,,155,125,190,,,,,,,129,112,145,100,15.3,-0.67,20,-1.16,
37107,North Carolina,Lenoir,,1425,14785,13552,16018,1.12,,,,,,,,,,,,,19178,16942,21414,,,,,,,,,,12831,11155,14506,,4.7,3.8,5.6,0.35,,12,11,13,1.69,6,4,8,,,,,,,18,16,20,,,,20,12,29,7,6,8,5.4,4.4,6.6,-0.35,23,21,26,0.77,49,-0.74,,20,43,25,52,78,-0.70,6.1,1.18,31,57,1765:1,-0.07,97,177,566:1,0.15,31,57,1762:1,-0.23,3162,0.31,,8849,4354,5687,2663,50,-0.86,,27,49,25,51,5330,13,11,15,0.53,17,14,20,14,11,16,3,2,4,2,1,3,0.93,83,80,85,0.73,,,,,,,81,77,86,84,74,94,88,84,93,22240,31,26,35,-0.22,6.2,-0.74,No,-0.77,80,18250,77,82,0.73,2,0.26,6641,12223,54,48,60,0.40,31465,38149,82,80,85,1.15,954,27780,3.4,-0.14,93694,18594,5.0,0.59,32,24,40,1.60,,,48,35,18,346,125,112,138,0.84,66,37,109,,,,,,,117,97,137,,,,,,,146,125,166,75,13.7,-0.40,32,0.47,
37109,North Carolina,Lincoln,,1557,8826,8103,9550,-0.43,,,,,,,,,,,,,11023,7911,14955,,,,,,,,,,9268,8439,10097,,3.9,3.1,4.8,-0.87,,8,8,9,-0.08,7,5,8,,,,11,4,17,16,12,20,,,,,,,8,7,9,5.1,4.1,6.2,-0.89,17,15,19,-0.50,53,-1.13,,54,40,28,54,68,-0.23,7.8,-0.27,39,43,2299:1,0.29,83,87,1153:1,0.54,43,46,2165:1,0.08,2918,0.08,,,574,4826,2883,47,-0.50,,50,44,19,47,7737,10,9,12,-0.03,12,9,14,9,7,11,2,1,3,0,0,0,-0.31,79,76,82,0.27,,,,,,,82,69,96,71,62,80,74,70,78,42738,50,46,54,1.33,8.4,0.36,No,-0.77,90,32271,89,92,-0.93,2,0.41,13458,21089,64,58,69,-0.42,58651,65172,90,89,91,-0.24,1420,47301,3.0,-0.49,150470,32685,4.6,0.05,13,9,17,-0.72,,,58,8,6,357,81,73,89,-0.63,,,,,,,,,,82,50,127,,,,,,,88,79,98,107,11.5,-0.01,22,-0.88,
37111,North Carolina,McDowell,,985,10422,9347,11497,-0.02,,,,,,,,,,,,,,,,,,,,,,,,,,,,,4.4,3.5,5.4,-0.13,,10,9,11,0.78,10,7,14,,,,,,,,,,,,,,,,10,9,11,5.3,4.2,6.5,-0.55,23,21,26,0.75,46,-0.45,,28,43,26,46,62,0.03,7.7,-0.19,15,34,2981:1,0.57,95,212,473:1,0.00,20,45,2238:1,0.12,2171,-0.61,,,,,,46,-0.38,,25,60,,46,4634,14,12,15,0.68,9,8,11,6,4,8,3,2,4,1,0,2,-0.81,84,81,87,0.87,,,,,,,,,,75,67,82,82,79,85,18266,34,29,39,0.07,6.2,-0.74,No,-0.77,83,15302,80,86,0.21,2,0.20,5915,10804,55,48,61,0.37,28151,32688,86,84,88,0.48,653,20276,3.2,-0.31,103399,25364,4.1,-0.61,20,13,27,0.13,,,19,45,14,235,104,90,117,0.13,,,,,,,,,,,,,,,,,,,,,,60,13.4,-0.34,29,0.10,
37113,North Carolina,Macon,,742,10667,9301,12033,0.05,,,,,,,,,,,,,,,,,,,,,,,,,,,,,4.2,3.4,5.2,-0.44,,10,9,11,0.67,9,6,11,,,,,,,,,,,,,,,,10,9,11,5.2,4.3,6.5,-0.68,17,15,20,-0.46,49,-0.74,30,,43,18,50,100,-1.67,7.5,-0.02,21,56,1789:1,-0.05,86,224,447:1,-0.05,23,60,1655:1,-0.34,1984,-0.78,,,,,,44,-0.13,,,,,,4332,16,14,18,1.25,13,10,16,11,9,14,2,1,3,0,0,1,0.01,82,77,86,0.62,,,,,,,,,,78,64,93,81,76,87,16110,29,24,35,-0.32,6.2,-0.74,Yes,1.29,81,14614,78,83,0.55,3,-0.05,4813,7386,65,56,75,-0.53,25403,28214,90,88,92,-0.25,522,16490,3.2,-0.36,106113,22004,4.8,0.32,21,13,28,0.18,,,,26,16,244,134,117,150,1.12,85,44,148,,,,,,,,,,,,,,,,142,124,160,57,15.0,-0.62,30,0.22,
37115,North Carolina,Madison,,425,11509,9736,13281,0.27,,,,,,,,,,,,,,,,,,,,,,,,,,,,,4.0,3.2,5.1,-0.64,,8,6,9,-0.28,,,,,,,,,,,,,,,,,,,,,,5.1,4.1,6.4,-0.83,19,16,21,-0.23,41,0.04,,,,,,88,-1.16,7.4,0.07,12,56,1792:1,-0.05,47,213,470:1,-0.01,5,23,4354:1,0.76,2192,-0.59,,,,,,37,0.71,,,,,,1720,11,9,13,0.07,13,10,16,10,7,13,2,1,4,1,0,1,-0.02,76,73,78,-0.19,,,,,,,,,,,,,,,,9534,49,42,57,1.26,5.8,-0.94,No,-0.77,82,6864,78,85,0.40,4,-0.74,2770,5012,55,47,63,0.32,14305,15745,91,89,93,-0.40,324,10232,3.2,-0.36,115236,23762,4.8,0.35,20,13,27,0.12,,,,31,11,124,114,94,134,0.48,,,,,,,,,,,,,,,,,,,,,,19,8.7,0.48,23,-0.76,
37117,North Carolina,Martin,,596,14543,12485,16601,1.06,,,,,,,,,,,,,16938,13486,20389,,,,,,,,,,12290,9801,14779,,4.6,3.7,5.6,0.20,,13,11,14,2.00,9,4,14,,,,,,,18,15,21,,,,,,,8,6,10,5.4,4.3,6.6,-0.37,23,21,26,0.77,49,-0.74,,,40,,54,69,-0.30,7.3,0.15,9,41,2417:1,0.35,26,121,825:1,0.39,5,23,4302:1,0.75,3918,1.01,,,5110,,3495,52,-1.10,,,46,,56,1962,13,11,15,0.47,13,10,16,13,10,16,1,0,2,0,0,1,0.05,80,76,84,0.32,,,,,,,80,71,90,,,,74,66,81,9068,41,34,48,0.61,6.1,-0.79,No,-0.77,81,7625,79,84,0.44,1,0.69,2830,4706,60,50,70,-0.10,13231,15882,83,80,86,1.00,377,8646,4.4,0.63,91444,20123,4.5,-0.03,31,20,42,1.46,,,52,50,15,125,113,93,133,0.44,,,,,,,,,,98,72,131,,,,,,,134,106,167,39,18.1,-1.17,28,-0.02,
37119,North Carolina,Mecklenburg,,11779,6929,6758,7099,-0.93,5603,5200,6005,,,,,,3314,2841,3788,,10692,10311,11073,,,,,,,,,,5301,5079,5523,,3.3,2.6,4.1,-1.72,,10,9,10,0.57,8,8,9,9,5,14,10,10,11,15,15,15,,,,9,8,10,6,6,6,4.9,4.0,5.9,-1.25,16,14,18,-0.86,54,-1.22,43,51,38,36,59,89,-1.17,8.3,-0.70,1041,93,1078:1,-1.07,4862,418,239:1,-0.89,824,72,1390:1,-0.68,2343,-0.45,,1872,3675,1964,1997,47,-0.50,,34,41,27,50,111337,11,10,12,0.19,15,15,16,13,12,14,2,2,3,1,0,1,0.57,62,61,63,-2.02,69,58,80,60,57,62,64,62,66,59,57,61,73,72,73,603592,35,34,36,0.15,8.4,0.36,No,-0.77,93,424243,93,93,-1.34,1,0.53,278170,360133,77,76,79,-1.57,696304,766897,91,90,91,-0.39,22352,665695,3.4,-0.20,170445,38381,4.4,-0.16,14,12,17,-0.60,12,8,19,26,6,3569,64,62,66,-1.20,46,41,51,,,,25,20,31,80,76,84,,,,,,,65,62,68,1041,9.1,0.42,28,-0.03,
37121,North Carolina,Mitchell,,351,10459,8463,12455,-0.01,,,,,,,,,,,,,,,,,,,,,,,,,,,,,4.1,3.2,5.0,-0.56,,9,7,10,0.06,,,,,,,,,,,,,,,,,,,,,,5.2,4.1,6.4,-0.73,17,15,19,-0.61,43,-0.16,,,,,,100,-1.67,7.6,-0.10,7,47,2138:1,0.20,19,127,789:1,0.36,10,66,1509:1,-0.51,2222,-0.56,,,,,,41,0.23,,,,,,1270,11,9,13,0.19,9,6,12,7,5,10,1,0,2,1,0,1,-0.89,81,76,85,0.51,,,,,,,,,,,,,,,,6390,36,29,44,0.23,5.2,-1.24,No,-0.77,80,5159,77,84,0.59,1,0.71,2219,3192,70,57,82,-0.91,10025,11175,90,87,92,-0.18,224,6187,3.6,0.02,106653,21111,5.1,0.61,20,12,27,0.10,,,,31,7,94,125,101,154,0.86,,,,,,,,,,,,,,,,,,,,,,26,17.2,-1.01,24,-0.64,
37123,North Carolina,Montgomery,,615,14448,12665,16232,1.03,10236,6855,14700,,,,,,,,,,24622,19336,29909,,,,,,,,,,12202,10132,14272,,4.3,3.5,5.2,-0.20,,10,8,11,0.59,5,3,7,,,,,,,17,13,21,,,,,,,9,7,11,5.2,4.2,6.4,-0.67,20,17,22,0.00,46,-0.45,,27,36,30,48,89,-1.19,7.3,0.15,7,27,3685:1,0.75,38,146,686:1,0.28,7,27,3699:1,0.64,3624,0.74,,,2763,,3597,48,-0.62,,,40,,50,3133,16,14,18,1.24,12,9,15,8,6,10,3,1,5,1,0,2,-0.23,83,79,87,0.83,,,,,,,70,61,80,86,67,100,83,77,89,10733,39,32,46,0.47,7.6,-0.04,No,-0.77,79,7926,74,83,0.87,0,0.91,2900,6111,47,40,55,1.00,15642,18631,84,81,87,0.88,407,11229,3.6,0.02,104541,23265,4.5,-0.09,21,13,29,0.27,14,,17,30,17,167,125,106,144,0.85,,,,,,,,,,202,149,267,,,,,,,130,105,154,26,10.0,0.25,25,-0.53,
37125,North Carolina,Moore,,1626,9156,8439,9873,-0.35,6329,4357,8889,,,,,,,,,,16282,13569,18995,,,,,,,,,,8668,7843,9492,,3.6,2.9,4.4,-1.26,,8,7,8,-0.28,6,4,7,,,,9,5,14,18,15,20,,,,8,4,11,7,6,7,4.8,3.9,5.8,-1.35,14,12,16,-1.13,54,-1.22,31,51,43,38,55,80,-0.77,7.9,-0.36,114,111,901:1,-1.57,292,273,366:1,-0.27,62,59,1702:1,-0.29,2479,-0.32,,,4343,3487,2278,53,-1.23,,39,47,45,53,8183,10,9,12,-0.06,13,11,15,11,9,12,1,1,2,2,1,2,0.00,76,74,78,-0.13,89,78,100,,,,79,75,83,74,67,82,75,72,77,44627,42,38,45,0.66,7.5,-0.09,Yes,1.29,90,38350,88,91,-0.80,0,0.91,18695,24796,75,70,80,-1.41,68631,74008,93,92,94,-0.74,1481,43036,3.4,-0.13,146052,34618,4.2,-0.44,13,8,17,-0.79,,,24,37,8,508,99,91,108,-0.01,54,33,83,,,,,,,117,91,148,,,,,,,105,95,115,127,12.0,-0.10,20,-1.17,
37127,North Carolina,Nash,,1962,11979,11151,12807,0.39,7288,5253,9852,,,,,,,,,,14937,13505,16369,,,,,,,,,,10438,9298,11577,,4.1,3.3,5.0,-0.53,,11,10,12,1.22,7,5,9,,,,13,6,20,15,13,16,,,,12,8,17,8,7,9,4.9,3.9,6.0,-1.28,21,19,24,0.27,54,-1.22,75,58,45,37,58,79,-0.72,7.8,-0.27,48,50,1983:1,0.10,150,155,644:1,0.24,59,62,1624:1,-0.37,3837,0.93,,,4056,,3752,50,-0.86,,37,48,28,51,10421,14,12,16,0.77,16,14,19,13,11,15,3,2,5,1,0,1,0.75,82,79,84,0.59,,,,,,,81,77,84,70,57,83,83,80,85,42043,29,26,32,-0.36,6.9,-0.39,Yes,1.29,83,31465,81,84,0.28,1,0.68,12212,22539,54,49,59,0.42,57507,66560,86,85,88,0.43,1914,42055,4.6,0.78,115858,26196,4.4,-0.18,21,14,28,0.28,9,,34,10,8,490,103,94,112,0.12,73,48,107,,,,,,,103,89,117,,,,,,,113,99,127,124,12.9,-0.26,25,-0.57,
37129,North Carolina,New Hanover,,3275,8454,8015,8893,-0.53,7097,5618,8844,,,,,,,,,,15414,13739,17089,,,,,,,,,,7612,7133,8090,,3.7,3.0,4.5,-1.18,,9,8,9,0.17,9,8,10,,,,6,3,9,16,14,17,,,,13,10,16,7,7,8,5.3,4.4,6.3,-0.59,14,12,15,-1.28,58,-1.61,,53,44,44,59,95,-1.47,7.5,-0.02,211,92,1085:1,-1.05,1415,592,169:1,-1.64,195,83,1205:1,-1.00,2095,-0.68,,,3658,,1978,56,-1.59,,54,48,37,57,20143,11,10,12,0.10,17,16,19,16,15,18,1,1,1,1,1,1,1.00,72,71,74,-0.62,76,61,91,77,75,78,75,70,79,60,54,66,76,74,77,116990,21,19,22,-1.00,4.1,-1.79,No,-0.77,92,94056,91,92,-1.15,2,0.37,46150,59346,78,74,81,-1.62,150757,161126,94,93,94,-0.90,4179,132975,3.1,-0.38,147232,31155,4.7,0.20,16,11,20,-0.43,5,10,43,12,9,1113,95,90,101,-0.15,47,32,66,,,,,,,120,102,137,,,,,,,98,92,105,233,9.9,0.27,22,-0.92,
37131,North Carolina,Northampton,,457,14714,12245,17183,1.10,,,,,,,,,,,,,17300,13787,20812,,,,,,,,,,11809,8189,15429,,4.6,3.7,5.5,0.20,,12,11,14,1.88,,,,,,,,,,16,13,18,,,,,,,8,5,10,5.2,4.3,6.3,-0.67,23,20,25,0.61,43,-0.16,,,37,,47,22,1.77,8.2,-0.61,2,12,8565:1,1.17,16,96,1045:1,0.50,3,18,5593:1,0.91,3060,0.21,,,3775,,2451,52,-1.10,,,55,,50,1161,10,8,12,-0.06,18,14,22,16,12,20,1,0,2,2,0,4,1.13,84,81,88,0.96,,,,,,,81,71,92,,,,84,77,91,6501,40,33,47,0.52,6.3,-0.69,No,-0.77,70,5302,67,73,2.23,1,0.65,2043,3254,63,53,73,-0.33,11000,13012,85,82,87,0.77,334,7268,4.6,0.82,111547,16907,6.6,2.54,32,20,43,1.58,,,45,,12,110,119,97,142,0.65,,,,,,,,,,131,102,166,,,,,,,114,82,155,25,14.9,-0.60,39,1.48,
37133,North Carolina,Onslow,,2779,10505,10005,11005,0.00,6473,5281,7664,,,,,,,,,,13831,12255,15407,,,,,,,,,,10848,10227,11468,,4.0,3.2,4.8,-0.74,,7,7,7,-0.61,6,6,7,,,,8,6,11,13,12,14,13,5,20,8,7,10,6,6,7,5.3,4.4,6.4,-0.54,17,15,19,-0.57,43,-0.16,,39,38,35,44,56,0.26,6.5,0.83,64,31,3221:1,0.64,617,289,346:1,-0.33,218,105,951:1,-1.65,2421,-0.38,,,2019,266,2582,41,0.23,,29,39,35,42,15509,9,8,11,-0.21,15,13,17,13,11,15,2,1,2,0,0,1,0.45,66,65,68,-1.41,36,17,56,57,46,68,65,58,71,54,49,58,70,68,73,107738,32,29,34,-0.13,5.7,-0.99,Yes,1.29,92,66835,90,94,-1.19,1,0.64,40802,59947,68,64,72,-0.78,105408,113066,93,92,94,-0.84,2791,69558,4.0,0.34,117551,30672,3.8,-0.92,16,12,20,-0.35,,16,22,19,12,870,86,80,92,-0.46,43,33,56,,,,,,,83,68,98,,,,,,,100,92,108,129,6.2,0.92,24,-0.67,
37135,North Carolina,Orange,,1249,5802,5274,6331,-1.22,6235,4697,8116,,,,,,,,,,14106,11777,16436,,,,,,,,,,4687,4118,5257,,3.3,2.7,4.1,-1.72,,8,8,9,-0.08,7,6,9,,,,9,7,11,14,12,16,,,,11,6,15,7,6,8,4.7,3.8,5.7,-1.58,12,11,14,-1.57,64,-2.19,,56,50,46,66,83,-0.93,8.6,-0.96,271,182,549:1,-3.53,1250,830,121:1,-2.66,351,233,429:1,-5.40,1330,-1.39,,,2036,,1250,52,-1.10,,50,47,37,52,9489,8,7,9,-0.50,17,16,19,15,13,17,2,2,3,1,0,1,1.03,58,56,59,-2.58,,,,49,44,55,75,71,80,60,52,67,61,59,64,71311,32,30,34,-0.11,7.4,-0.14,No,-0.77,94,52824,93,94,-1.41,1,0.74,29342,34491,85,81,89,-2.25,86966,93289,93,92,94,-0.84,2401,83045,2.9,-0.59,197648,34253,5.8,1.50,8,5,12,-1.34,,20,23,22,4,428,58,52,63,-1.41,42,28,61,,,,,,,96,76,119,,,,,,,60,53,67,148,9.8,0.28,32,0.53,
37137,North Carolina,Pamlico,,302,13808,10934,16681,0.87,,,,,,,,,,,,,,,,,,,,,,,,,,,,,4.2,3.3,5.1,-0.44,,9,7,11,0.27,,,,,,,,,,20,12,27,,,,,,,7,4,9,5.0,3.9,6.1,-1.04,18,16,20,-0.29,55,-1.32,,36,51,,56,76,-0.62,7.8,-0.27,4,32,3086:1,0.60,15,121,828:1,0.39,4,32,3095:1,0.48,2439,-0.36,,,2749,,2031,61,-2.20,,,58,,62,973,12,11,14,0.44,12,9,15,11,8,14,1,0,1,0,0,1,-0.17,82,77,87,0.69,,,,,,,78,41,100,,,,75,70,80,4429,35,27,43,0.15,5.6,-1.04,No,-0.77,85,4459,81,89,-0.14,1,0.53,1404,2394,59,48,69,0.03,8841,9820,90,88,92,-0.24,182,5580,3.3,-0.28,129754,23492,5.5,1.20,25,16,35,0.79,,,35,15,14,98,156,127,190,1.87,,,,,,,,,,139,80,226,,,,,,,169,134,211,13,10.5,0.17,21,-1.09,
37139,North Carolina,Pasquotank,,776,11395,10156,12634,0.24,,,,,,,,,,,,,14702,12258,17147,,,,,,,,,,9859,8330,11389,,3.9,3.1,4.8,-0.90,,10,9,11,0.60,5,3,8,,,,,,,14,12,16,,,,,,,8,6,9,5.1,4.1,6.2,-0.95,18,16,21,-0.29,44,-0.26,,53,37,,47,56,0.29,7.5,-0.02,23,56,1775:1,-0.06,109,263,380:1,-0.22,19,46,2155:1,0.07,3044,0.20,,,2510,15152,2954,51,-0.98,,38,54,36,50,3057,10,8,11,-0.12,15,12,18,14,11,16,1,0,1,1,0,2,0.49,76,72,80,-0.11,,,,,,,72,62,81,,,,82,77,87,18073,36,31,41,0.22,6.0,-0.84,No,-0.77,90,13840,88,92,-0.85,1,0.59,7022,10827,65,56,73,-0.51,25198,27998,90,88,92,-0.24,692,17067,4.1,0.37,115972,28766,4.0,-0.67,23,14,32,0.52,,,8,33,4,200,99,85,113,-0.02,,,,,,,,,,99,78,125,,,,,,,110,90,129,51,12.5,-0.18,24,-0.63,
37141,North Carolina,Pender,,1111,9267,8390,10145,-0.32,,,,,,,,,,,,,16942,12925,20960,,,,,,,,,,8765,7797,9733,,3.9,3.1,4.8,-0.88,,8,8,9,-0.01,6,4,7,,,,,,,18,14,21,,,,11,6,17,7,7,8,5.1,4.0,6.1,-0.94,18,16,20,-0.40,50,-0.84,,56,42,30,52,62,0.03,7.9,-0.36,21,33,2991:1,0.57,112,163,612:1,0.21,24,37,2739:1,0.36,2008,-0.76,,,2818,,1863,50,-0.86,,50,51,47,50,6138,12,10,13,0.26,13,11,15,11,9,13,2,1,3,1,0,1,0.09,76,73,79,-0.18,,,,,,,78,69,87,68,51,85,68,62,73,29000,53,48,58,1.54,5.7,-0.99,Yes,1.29,88,21260,86,90,-0.56,1,0.53,10657,15542,69,62,75,-0.83,40404,44629,91,89,92,-0.34,1006,31484,3.2,-0.33,141506,33529,4.2,-0.43,14,10,19,-0.57,,,27,27,8,309,97,86,108,-0.09,44,22,79,,,,,,,122,91,159,,,,,,,100,87,113,54,8.2,0.57,25,-0.49,
37143,North Carolina,Perquimans,,293,13273,10496,16050,0.73,,,,,,,,,,,,,19359,12965,27803,,,,,,,,,,11858,8758,14959,,4.2,3.3,5.1,-0.43,,8,6,10,-0.30,,,,,,,,,,12,7,17,,,,,,,6,4,8,5.3,4.2,6.4,-0.65,17,15,19,-0.55,48,-0.64,,,40,,49,86,-1.06,7.9,-0.36,2,15,6565:1,1.07,9,67,1486:1,0.62,1,8,13210:1,1.21,2304,-0.49,,,2383,,2188,54,-1.35,,,46,,56,1075,11,10,13,0.22,15,11,19,14,10,17,1,0,3,1,0,1,0.49,82,76,89,0.69,,,,,,,,,,,,,,,,4968,52,43,62,1.50,5.8,-0.94,No,-0.77,84,4694,81,87,0.04,3,-0.33,1437,2365,61,48,74,-0.15,8466,9762,87,83,90,0.37,202,5048,4.0,0.33,116393,25338,4.6,0.03,25,16,34,0.71,,,24,40,6,78,117,92,146,0.56,,,,,,,,,,116,68,186,,,,,,,122,93,157,13,9.8,0.28,28,-0.09,
37145,North Carolina,Person,,819,10159,8997,11322,-0.09,,,,,,,,,,,,,13383,10771,15995,,,,,,,,,,9017,7674,10360,,4.2,3.3,5.1,-0.42,,11,10,13,1.38,11,7,15,,,,,,,16,13,18,,,,12,5,19,9,8,11,5.3,4.3,6.5,-0.58,22,19,24,0.44,53,-1.13,,,46,31,55,45,0.78,7.5,-0.02,14,36,2795:1,0.51,43,108,924:1,0.44,17,43,2317:1,0.17,2715,-0.11,,,2777,,2726,49,-0.74,,,44,,50,3353,11,9,13,0.10,15,12,18,13,11,16,2,1,3,0,0,0,0.45,76,72,80,-0.15,,,,,,,65,55,74,,,,71,66,76,18770,50,43,57,1.32,7.2,-0.24,No,-0.77,88,14188,85,90,-0.48,1,0.51,5494,8736,63,54,71,-0.34,24944,28000,89,87,91,-0.07,668,19150,3.5,-0.09,123961,24194,5.1,0.70,19,12,26,0.02,92,,51,77,11,216,109,95,124,0.32,,,,,,,,,,110,83,142,,,,,,,117,98,136,59,15.0,-0.62,23,-0.75,
37147,North Carolina,Pitt,,2740,10748,10165,11332,0.07,6903,5292,8849,,,,,,,,,,14466,13350,15581,,,,,,,,,,8880,8147,9613,,4.0,3.2,4.9,-0.65,,12,11,12,1.49,8,6,9,,,,9,6,12,17,16,18,,,,13,9,16,7,6,8,4.9,3.9,5.9,-1.28,18,16,20,-0.40,50,-0.84,,58,40,38,53,90,-1.23,7.2,0.24,196,114,878:1,-1.65,852,487,206:1,-1.18,194,112,895:1,-1.84,3418,0.55,,,5281,,2708,52,-1.10,,53,51,56,52,14810,10,9,12,0.00,19,17,21,17,15,19,2,2,3,1,1,1,1.39,76,74,78,-0.15,,,,74,60,88,75,72,78,70,61,80,80,78,82,80556,23,21,26,-0.79,5.7,-0.99,No,-0.77,87,63902,86,89,-0.41,1,0.63,31850,43748,73,69,77,-1.19,96763,106434,91,90,92,-0.41,3512,89299,3.9,0.27,114209,23319,4.9,0.41,23,17,29,0.52,83,1,36,29,8,788,89,82,95,-0.37,51,34,72,,,,,,,94,83,104,,,,,,,94,85,102,179,10.3,0.20,32,0.48,
37149,North Carolina,Polk,,365,10657,8700,12613,0.04,,,,,,,,,,,,,,,,,,,,,,,,,,,,,3.8,3.0,4.8,-0.95,,7,5,8,-0.84,,,,,,,,,,,,,,,,,,,,,,5.1,4.0,6.2,-0.97,13,12,15,-1.34,47,-0.55,,,38,33,47,61,0.06,7.9,-0.36,15,76,1310:1,-0.61,45,224,446:1,-0.06,7,35,2855:1,0.40,1736,-1.01,,,,,,47,-0.50,,,26,,47,1657,12,11,14,0.41,10,8,13,8,6,10,2,0,3,1,0,1,-0.63,75,70,79,-0.33,,,,,,,,,,,,,,,,8512,45,38,52,0.93,7.1,-0.29,No,-0.77,83,7231,79,87,0.23,3,-0.42,2215,3669,60,51,69,-0.12,14301,15566,92,90,94,-0.59,311,9469,3.3,-0.26,123429,24929,5.0,0.48,20,13,27,0.10,,,51,28,16,130,127,106,149,0.92,,,,,,,,,,,,,,,,,,,,,,39,19.5,-1.41,25,-0.51,
37151,North Carolina,Randolph,,2946,12479,11790,13168,0.52,7982,6451,9513,,,,,,,,,,16494,13376,19612,,,,,,,,,,12674,11881,13467,,4.4,3.5,5.4,-0.10,,9,9,10,0.34,8,7,9,,,,10,6,13,16,13,19,,,,8,4,12,9,8,10,5.2,4.1,6.4,-0.77,21,19,24,0.33,49,-0.74,,35,49,32,50,56,0.26,6.9,0.49,62,43,2341:1,0.32,185,125,797:1,0.37,56,38,2608:1,0.31,3273,0.41,,,4218,894,3211,43,-0.01,,32,29,28,44,15817,13,12,15,0.64,13,12,15,10,9,11,3,2,3,2,1,3,0.14,82,80,83,0.59,,,,,,,83,76,90,79,72,85,79,78,81,66524,33,31,36,-0.02,8.1,0.21,No,-0.77,86,49015,85,87,-0.26,1,0.56,18165,33928,54,50,57,0.47,84645,100816,84,82,85,0.88,2358,65385,3.6,0.00,111283,26721,4.2,-0.50,21,16,25,0.20,16,21,49,30,14,961,133,125,141,1.10,54,40,71,,,,,,,142,110,181,,,,,,,148,138,158,153,10.5,0.17,25,-0.50,
37153,North Carolina,Richmond,,1206,17666,16168,19164,1.87,,,,,,,,,,,,,19869,17093,22644,,,,,,,,,,17640,15573,19706,,4.7,3.8,5.7,0.41,,12,11,13,1.74,8,5,10,10,5,16,,,,17,15,19,,,,17,11,22,9,8,11,5.5,4.4,6.7,-0.17,22,19,24,0.44,45,-0.35,,58,38,33,47,33,1.29,6.3,1.01,9,21,4747:1,0.91,112,265,378:1,-0.23,12,28,3565:1,0.61,3759,0.86,,,4169,,3692,51,-0.98,,,52,33,51,4139,12,11,14,0.44,18,15,21,16,13,19,2,1,3,1,0,1,1.20,86,83,89,1.18,,,,,,,80,73,87,,,,87,84,90,17491,35,30,40,0.12,7.5,-0.09,Yes,1.29,85,14258,81,88,-0.03,0,0.91,5710,10345,55,48,63,0.33,24469,29068,84,82,87,0.84,779,17062,4.6,0.79,89973,16444,5.5,1.13,31,21,41,1.48,82,,53,28,34,281,128,113,143,0.94,64,31,118,,,,,,,121,96,149,,,,,,,144,123,166,68,15.9,-0.78,27,-0.20,
37155,North Carolina,Robeson,,3328,18938,18038,19837,2.20,12137,9657,14616,,20104,18677,21531,,,,,,21198,19182,23214,,,,,,,,,,18324,16421,20227,,5.2,4.3,6.1,1.08,,12,11,12,1.52,8,7,9,12,11,13,,,,16,14,17,,,,13,10,16,9,8,10,5.7,4.8,6.7,0.05,27,25,30,1.59,39,0.23,34,45,34,39,43,40,0.98,6.4,0.92,59,51,1972:1,0.09,338,288,347:1,-0.33,37,32,3153:1,0.50,5148,2.15,5729,,5448,,5004,43,-0.01,44,31,44,23,44,12623,15,14,17,1.03,16,15,17,12,11,13,4,3,5,1,0,1,0.68,85,84,86,1.07,88,86,89,72,55,89,80,78,83,76,72,80,87,86,89,42250,33,31,35,-0.03,7.2,-0.24,Yes,1.29,74,31467,72,75,1.64,1,0.87,12922,28014,46,43,49,1.11,59354,75244,79,78,80,1.82,2396,48220,5.0,1.13,89090,15251,5.8,1.59,38,33,43,2.33,36,30,55,49,24,1119,179,168,189,2.63,82,61,109,223,205,241,,,,156,135,176,,,,,,,181,160,203,143,12.3,-0.14,33,0.56,
37157,North Carolina,Rockingham,,2253,13516,12619,14414,0.79,7165,4932,10063,,,,,,,,,,16676,14312,19041,,,,,,,,,,13489,12423,14556,,4.5,3.6,5.3,0.02,,10,9,10,0.62,7,5,9,,,,,,,14,12,16,,,,18,11,24,9,8,10,5.4,4.4,6.5,-0.34,21,19,23,0.23,52,-1.03,,33,45,24,53,71,-0.38,6.7,0.66,28,31,3260:1,0.65,144,156,642:1,0.24,35,38,2627:1,0.32,2944,0.11,,,3295,,2865,42,0.11,,,46,,42,8942,13,11,14,0.44,13,11,15,10,8,11,2,1,3,1,1,2,0.00,82,80,83,0.62,,,,,,,76,69,83,73,62,84,82,79,84,39715,39,36,43,0.48,7.6,-0.04,Yes,1.29,82,31991,80,84,0.36,3,-0.05,11466,20812,55,50,60,0.34,55897,66238,84,83,86,0.80,1566,39442,4.0,0.30,111409,21840,5.1,0.67,19,12,25,-0.05,,,25,38,20,639,140,129,151,1.34,47,26,80,,,,,,,119,96,142,,,,,,,159,145,172,138,15.0,-0.62,21,-1.05,
37159,North Carolina,Rowan,,3126,12312,11656,12967,0.48,5686,4360,7290,,,,,,,,,,15431,13609,17253,,,,,,,,,,12686,11875,13498,,4.2,3.4,5.1,-0.37,,10,9,11,0.73,7,6,8,,,,16,10,22,16,14,18,,,,12,8,17,9,8,9,5.1,4.1,6.2,-0.87,19,17,21,-0.09,46,-0.45,,46,33,27,48,66,-0.19,7.2,0.24,51,34,2905:1,0.54,395,260,384:1,-0.21,73,49,2050:1,0.00,2875,0.04,,3062,2957,1021,2762,42,0.11,,33,44,25,42,13593,11,10,13,0.22,13,12,15,11,10,13,3,2,3,1,0,1,0.13,79,78,81,0.32,,,,,,,78,74,81,73,65,80,80,77,83,65848,35,33,38,0.15,7.6,-0.04,Yes,1.29,89,51247,87,90,-0.67,2,0.42,21352,36338,59,54,63,0.02,90194,102418,88,87,89,0.12,2335,69023,3.4,-0.18,118903,26514,4.5,-0.10,21,15,26,0.21,,7,46,39,12,925,128,120,136,0.93,42,29,60,,,,,,,125,105,145,,,,,,,144,134,154,211,14.1,-0.46,23,-0.86,
37161,North Carolina,Rutherford,,1665,13778,12689,14866,0.86,,,,,,,,,,,,,22157,17357,26958,,,,,,,,,,13576,12387,14765,,4.6,3.7,5.6,0.21,,10,10,11,0.98,8,5,10,,,,,,,17,14,21,,,,11,6,17,10,9,11,5.6,4.5,6.8,-0.11,21,18,23,0.21,47,-0.55,,41,37,31,48,34,1.26,6.9,0.49,29,45,2227:1,0.25,128,195,512:1,0.07,17,26,3821:1,0.66,2434,-0.37,,,4121,,2296,42,0.11,,,48,,42,6088,12,11,14,0.39,14,12,17,11,9,13,3,2,4,1,0,2,0.33,81,79,84,0.55,,,,,,,73,56,91,,,,80,76,84,26325,35,31,39,0.13,7.6,-0.04,No,-0.77,83,21967,80,85,0.27,1,0.84,8289,14466,57,52,62,0.15,40757,47065,87,85,88,0.39,1125,24392,4.6,0.83,96803,22800,4.2,-0.40,20,13,27,0.16,,,62,19,16,407,123,111,135,0.78,,,,,,,,,,120,85,165,,,,,,,131,118,145,124,19.1,-1.34,29,0.01,
37163,North Carolina,Sampson,,1255,12312,11274,13349,0.48,7829,6168,9799,,,,,,,,,,16566,13938,19193,,,,,,,,,,12400,10882,13918,,4.6,3.8,5.6,0.25,,10,9,10,0.59,8,7,9,,,,,,,16,14,18,,,,10,5,15,8,7,9,5.0,4.0,6.1,-1.00,23,21,26,0.79,48,-0.64,26,,39,24,51,60,0.10,7.6,-0.10,25,42,2360:1,0.32,38,64,1568:1,0.64,20,34,2956:1,0.44,3092,0.24,,,4239,,2832,46,-0.38,,,46,29,46,7772,17,15,19,1.34,14,11,17,11,9,14,4,2,5,0,0,1,0.22,82,81,84,0.72,,,,,,,83,76,89,80,75,85,85,81,90,24094,43,39,48,0.79,6.6,-0.54,No,-0.77,83,17674,80,85,0.22,0,0.92,7535,13747,55,49,61,0.36,33470,39708,84,83,86,0.82,993,27978,3.5,-0.04,106401,21992,4.8,0.34,26,18,34,0.86,12,,47,41,15,331,107,96,119,0.25,60,43,82,,,,,,,107,85,133,,,,,,,131,113,149,83,14.0,-0.45,25,-0.53,
37165,North Carolina,Scotland,,886,16835,15190,18479,1.66,,,,,17242,12876,21608,,,,,,20834,17933,23734,,,,,,,,,,15018,12435,17601,,5.1,4.1,6.0,0.89,,15,13,16,2.91,,,,13,10,16,,,,18,16,20,,,,15,10,20,12,9,14,5.6,4.5,6.7,-0.09,25,23,28,1.21,36,0.52,30,,27,,39,64,-0.08,6.2,1.09,20,58,1711:1,-0.12,76,221,452:1,-0.04,11,32,3106:1,0.49,4633,1.67,,,5059,,4543,55,-1.47,50,,57,,54,2593,11,10,13,0.14,19,17,22,15,13,18,5,4,7,0,0,1,1.47,81,79,84,0.57,86,80,93,,,,81,77,85,,,,86,82,89,12660,30,26,34,-0.25,7.2,-0.24,Yes,1.29,85,10462,82,87,-0.03,1,0.72,4090,8698,47,42,52,1.03,19211,23326,82,81,84,1.18,708,11226,6.3,2.23,89492,16742,5.3,0.97,43,35,51,2.95,30,,56,31,23,229,133,115,150,1.09,,,,185,131,253,,,,129,103,159,,,,,,,139,112,167,42,12.3,-0.15,29,0.09,
37167,North Carolina,Stanly,,1255,10233,9342,11123,-0.07,,,,,,,,,,,,,14822,11746,17897,,,,,,,,,,9834,8846,10822,,4.2,3.4,5.2,-0.34,,9,9,10,0.47,6,4,9,,,,,,,17,14,20,,,,15,8,22,9,8,10,5.2,4.2,6.3,-0.77,18,16,21,-0.27,46,-0.45,,44,31,38,47,68,-0.25,7.9,-0.36,24,38,2643:1,0.45,145,221,453:1,-0.04,24,37,2673:1,0.33,4136,1.21,,,1631,,4211,50,-0.86,,18,41,,51,6340,13,11,14,0.46,13,11,15,10,8,12,3,2,4,1,1,2,0.06,80,78,82,0.39,,,,,,,74,62,86,80,71,90,79,78,80,27736,42,39,46,0.71,8.1,0.21,No,-0.77,87,21325,86,89,-0.44,1,0.68,9553,15726,61,55,66,-0.15,38903,44648,87,85,89,0.29,970,32089,3.0,-0.48,118779,25442,4.7,0.13,15,9,20,-0.56,,,64,13,15,341,108,97,119,0.27,,,,,,,,,,116,83,157,,,,,,,114,100,127,108,16.8,-0.94,27,-0.24,
37169,North Carolina,Stokes,,984,12067,10794,13340,0.41,,,,,,,,,,,,,,,,,,,,,,,,,,,,,4.2,3.3,5.1,-0.39,,9,8,10,0.12,9,4,13,,,,,,,,,,,,,,,,9,8,10,5.4,4.3,6.6,-0.36,18,16,20,-0.29,46,-0.45,,,40,,46,66,-0.15,7.6,-0.10,12,27,3713:1,0.75,34,75,1339:1,0.59,7,15,6454:1,0.98,3629,0.74,,,,,,44,-0.13,,,48,,44,3605,10,9,12,-0.01,12,9,15,9,6,11,3,1,5,1,0,1,-0.15,85,82,88,1.03,,,,,,,,,,,,,,,,19649,52,46,58,1.50,7.5,-0.09,No,-0.77,85,16441,82,87,-0.08,1,0.58,5561,9331,60,52,67,-0.05,29879,33235,90,88,92,-0.22,671,21613,3.1,-0.41,106481,27217,3.9,-0.82,15,9,21,-0.47,,,16,33,13,299,132,117,147,1.07,,,,,,,,,,123,61,219,,,,,,,139,123,155,40,8.9,0.46,24,-0.69,
37171,North Carolina,Surry,,1523,10742,9847,11636,0.07,5044,3427,7159,,,,,,,,,,17642,11525,25850,,,,,,,,,,11342,10300,12384,,4.6,3.7,5.5,0.16,,9,8,10,0.34,9,7,10,,,,,,,17,11,23,,,,14,6,22,9,8,10,5.5,4.5,6.6,-0.24,21,19,23,0.25,50,-0.84,,50,42,31,51,48,0.65,7.3,0.15,40,56,1779:1,-0.06,107,150,668:1,0.27,29,41,2462:1,0.24,3136,0.28,,25000,,2079,3115,42,0.11,,,41,19,43,7468,13,12,15,0.63,12,10,14,9,8,11,3,2,4,0,0,1,-0.22,81,79,82,0.50,,,,,,,87,76,98,76,69,84,82,80,84,31227,31,28,34,-0.19,7.6,-0.04,No,-0.77,83,24478,82,85,0.15,1,0.58,9711,16105,60,56,65,-0.11,41910,50708,83,81,84,1.12,1055,33283,3.2,-0.36,111665,21965,5.1,0.65,16,10,23,-0.34,,51,50,18,18,445,124,113,136,0.82,37,20,60,,,,,,,106,58,177,,,,,,,139,126,152,98,13.7,-0.40,25,-0.47,
37173,North Carolina,Swain,,473,19177,16507,21847,2.27,,,,,27117,21370,32864,,,,,,,,,,,,,,,,,,17134,13751,20518,,5.0,4.1,6.0,0.76,,9,7,10,0.13,,,,10,7,13,,,,,,,,,,,,,8,6,11,5.9,4.8,7.1,0.42,22,20,25,0.56,37,0.42,35,,,,37,97,-1.54,7.3,0.15,9,64,1571:1,-0.26,58,417,240:1,-0.88,12,86,1164:1,-1.08,2627,-0.19,4342,,,,1796,32,1.32,22,,,,36,2010,19,17,22,1.94,14,10,17,10,6,13,5,2,8,0,0,1,0.20,82,77,86,0.60,80,67,93,,,,,,,,,,85,81,90,5670,23,16,30,-0.84,6.1,-0.79,No,-0.77,76,4424,73,79,1.31,3,-0.05,1753,3246,54,44,64,0.43,8488,9740,87,85,90,0.29,209,7119,2.9,-0.55,118471,21524,5.5,1.17,23,16,30,0.53,26,,,30,39,108,153,124,181,1.76,,,,206,147,281,,,,,,,,,,,,,158,123,201,13,9.3,0.38,23,-0.83,
37175,North Carolina,Transylvania,,539,7665,6404,8926,-0.74,,,,,,,,,,,,,,,,,,,,,,,,,,,,,3.8,3.0,4.8,-0.96,,8,7,10,0.02,10,5,14,,,,,,,,,,,,,,,,8,7,10,4.9,3.9,6.1,-1.19,14,12,16,-1.15,53,-1.13,,,38,,53,84,-0.98,7.9,-0.36,22,66,1508:1,-0.34,112,334,300:1,-0.53,16,48,2085:1,0.03,1688,-1.06,,,,,,49,-0.74,,,27,,49,3008,14,12,16,0.68,11,9,14,8,6,11,2,1,4,1,0,3,-0.36,76,73,80,-0.08,,,,,,,,,,,,,,,,13571,32,27,37,-0.11,5.8,-0.94,No,-0.77,86,12573,83,90,-0.28,4,-0.58,4179,6589,63,55,72,-0.38,23958,25533,94,93,95,-0.95,481,14903,3.2,-0.31,124909,26224,4.8,0.24,18,12,25,-0.08,,,44,48,16,174,103,87,118,0.09,,,,,,,,,,,,,,,,,,,,,,57,17.1,-0.99,26,-0.43,
37177,North Carolina,Tyrrell,,71,9473,6295,13691,-0.27,,,,,,,,,,,,,,,,,,,,,,,,,,,,,4.5,3.6,5.4,-0.01,x,4,2,7,-1.93,,,,,,,,,,,,,,,,,,,,,,5.3,4.3,6.3,-0.65,20,18,22,0.10,32,0.91,,,30,,34,92,-1.31,7.6,-0.10,,,,0.05,1,29,3461:1,0.79,0,0,3365:0,1.43,2930,0.09,,,2331,,1475,38,0.59,,,50,,33,379,16,13,18,1.13,13,7,19,10,4,17,1,0,4,1,0,4,0.05,76,63,89,-0.14,,,,,,,,,,,,,,,,1158,36,19,52,0.17,5.3,-1.19,No,-0.77,74,1062,69,80,1.51,3,-0.33,262,819,32,19,45,2.33,2067,2567,81,72,89,1.52,67,1325,5.1,1.20,81544,20133,4.1,-0.65,30,19,40,1.34,,,42,59,45,23,124,79,186,0.81,,,,,,,,,,,,,,,,,,,,,,6,17.8,-1.12,27,-0.23,
37179,North Carolina,Union,,2652,6696,6307,7084,-0.99,4669,3770,5567,,,,,,,,,,12049,10452,13647,,,,,,,,,,6400,5945,6854,,3.4,2.6,4.2,-1.66,,8,7,8,-0.31,8,7,9,,,,10,8,12,15,13,16,,,,7,5,10,6,6,7,4.5,3.6,5.5,-1.90,14,12,16,-1.20,51,-0.93,,53,41,39,52,71,-0.37,8.4,-0.79,167,69,1459:1,-0.40,378,147,678:1,0.28,79,32,3153:1,0.50,3148,0.29,,,4640,2754,3014,47,-0.50,,29,44,25,48,22316,10,9,12,0.00,10,9,11,8,7,9,2,2,3,0,0,1,-0.62,71,70,72,-0.84,,,,46,37,56,66,61,72,63,57,68,66,64,68,121509,49,46,51,1.20,8.1,0.21,No,-0.77,93,76792,93,94,-1.38,1,0.63,40081,56716,71,67,74,-1.01,143152,158281,90,90,91,-0.32,3982,132893,3.0,-0.50,189681,45581,4.2,-0.51,10,8,13,-1.09,3,5,25,22,5,682,56,52,60,-1.45,30,22,40,,,,,,,68,55,83,,,,,,,61,56,67,195,7.8,0.64,19,-1.43,
37181,North Carolina,Vance,,1116,16711,15236,18186,1.62,12317,8530,17212,,,,,,,,,,19288,17108,21467,,,,,,,,,,14842,12415,17270,,4.4,3.6,5.3,-0.07,,12,11,14,1.90,4,2,6,,,,,,,16,14,18,,,,10,5,16,10,8,12,5.4,4.4,6.4,-0.49,23,21,26,0.73,47,-0.55,,,39,29,51,66,-0.17,7.6,-0.10,16,38,2637:1,0.45,126,298,336:1,-0.37,25,59,1686:1,-0.31,3033,0.19,,,3962,,2547,39,0.47,,,39,,38,4265,13,11,15,0.56,16,13,20,13,10,17,3,2,4,1,0,1,0.78,80,77,82,0.35,,,,,,,76,71,81,78,64,93,81,75,87,17750,32,27,38,-0.08,7.0,-0.34,No,-0.77,82,13171,78,85,0.38,1,0.48,4737,9831,48,41,55,0.93,24482,28655,85,83,88,0.61,902,16752,5.4,1.47,101175,21809,4.6,0.09,37,27,46,2.18,,,34,30,22,289,132,117,148,1.09,81,46,134,,,,,,,137,115,158,,,,,,,143,117,169,60,14.2,-0.49,34,0.72,
37183,North Carolina,Wake,,9389,5322,5168,5477,-1.35,4583,4158,5009,,,,,,2274,1918,2630,,9279,8820,9738,,,,,,,,,,4576,4388,4765,,3.2,2.6,3.9,-1.91,,8,8,8,-0.30,7,6,7,7,3,11,8,7,9,13,13,14,,,,8,7,9,6,6,6,4.7,4.0,5.5,-1.55,13,11,14,-1.47,59,-1.71,42,57,45,40,61,99,-1.61,8.5,-0.87,994,86,1157:1,-0.89,5114,430,233:1,-0.94,874,74,1344:1,-0.75,2399,-0.40,,1461,3709,1897,2185,49,-0.74,41,38,46,33,50,86021,9,8,9,-0.41,13,12,13,11,10,11,2,2,2,0,0,1,-0.04,64,64,65,-1.69,81,72,91,50,47,53,72,71,73,65,63,68,67,66,68,602482,37,36,38,0.27,9.0,0.66,Yes,1.29,95,421820,94,95,-1.57,2,0.37,279913,341670,82,80,83,-1.98,734039,781308,94,94,94,-0.97,19470,648814,3.0,-0.49,196168,43827,4.5,-0.11,8,6,10,-1.34,2,5,18,17,3,3086,55,53,56,-1.51,32,28,37,,,,15,12,19,68,63,73,,,,,,,61,58,64,1159,9.9,0.28,24,-0.61,
37185,North Carolina,Warren,,446,14445,12158,16732,1.03,,,,,,,,,,,,,17621,14018,21224,,,,,,,,,,12106,8832,15381,,4.8,3.9,5.8,0.58,,12,10,14,1.70,,,,,,,,,,15,12,17,,,,,,,10,7,13,5.5,4.3,6.6,-0.33,25,22,28,1.17,43,-0.16,31,,37,,47,29,1.47,7.6,-0.10,1,5,18762:1,1.35,22,117,856:1,0.41,4,21,4678:1,0.80,2481,-0.32,3540,,2099,,2461,43,-0.01,,,40,,44,1856,15,13,17,0.99,12,10,14,9,7,12,2,1,4,0,0,1,-0.23,79,77,81,0.22,,,,,,,73,62,84,,,,77,71,84,7052,39,31,46,0.44,6.7,-0.49,No,-0.77,76,6066,73,80,1.20,1,0.68,1937,3969,49,41,57,0.88,12184,14049,87,84,89,0.37,338,6294,5.4,1.46,96624,19390,5.0,0.52,31,20,41,1.43,49,,47,22,22,120,124,102,147,0.82,,,,,,,,,,131,101,168,,,,,,,135,100,178,28,15.0,-0.61,30,0.18,
37187,North Carolina,Washington,,281,16100,12959,19241,1.46,,,,,,,,,,,,,20022,15157,24887,,,,,,,,,,14426,9567,19285,,4.7,3.8,5.6,0.31,,12,10,14,1.63,,,,,,,,,,13,10,16,,,,,,,11,8,15,5.4,4.4,6.5,-0.41,24,22,27,1.00,38,0.33,,,28,,42,92,-1.32,7.6,-0.10,5,46,2178:1,0.23,11,103,974:1,0.47,2,18,5414:1,0.89,3243,0.38,,,2354,,3557,47,-0.50,,,45,,48,931,12,10,14,0.38,21,15,26,19,13,26,0,0,1,2,0,3,1.76,74,69,79,-0.36,,,,,,,80,68,91,,,,81,77,86,3965,36,26,46,0.23,5.6,-1.04,No,-0.77,73,3524,67,79,1.75,3,-0.33,1046,1976,53,41,65,0.52,6802,7950,86,81,90,0.58,207,4321,4.8,0.98,86153,15606,5.5,1.19,36,23,49,2.07,,,42,,12,59,104,79,134,0.15,,,,,,,,,,100,66,146,,,,,,,124,84,176,22,20.3,-1.55,29,0.03,
37189,North Carolina,Watauga,,566,6649,5723,7575,-1.00,,,,,,,,,,,,,,,,,,,,,,,,,,,,,4.2,3.3,5.1,-0.45,,8,7,9,-0.34,10,6,14,,,,,,,,,,,,,,,,7,6,8,5.2,4.1,6.3,-0.78,16,14,18,-0.71,52,-1.03,,,,39,52,87,-1.08,7.9,-0.36,43,79,1261:1,-0.69,287,524,191:1,-1.35,42,76,1312:1,-0.80,1814,-0.94,,,,,,44,-0.13,,,,,,4626,12,10,14,0.35,21,18,24,20,17,23,1,1,2,1,0,1,1.88,75,71,78,-0.31,,,,,,,,,,67,61,73,77,74,80,25718,25,21,28,-0.70,6.0,-0.84,No,-0.77,89,18860,87,91,-0.71,2,0.45,8153,10678,76,69,83,-1.50,28838,31195,92,91,94,-0.69,899,29969,3.0,-0.50,121139,18513,6.5,2.47,12,8,17,-0.83,,,,12,9,180,65,55,74,-1.17,,,,,,,,,,,,,,,,,,,,,,76,13.8,-0.41,29,0.01,
37191,North Carolina,Wayne,,2354,11854,11143,12564,0.36,8176,6576,9775,,,,,,,,,,15686,14143,17229,,,,,,,,,,10817,9876,11758,,4.3,3.5,5.3,-0.23,,10,10,11,0.84,8,7,9,,,,14,8,19,16,14,17,,,,10,6,14,8,7,8,5.4,4.4,6.6,-0.37,20,17,22,-0.02,47,-0.55,,40,35,27,51,86,-1.06,6.9,0.49,60,51,1947:1,0.08,335,282,354:1,-0.31,70,60,1676:1,-0.32,3294,0.43,,,3665,,3233,48,-0.62,,49,43,25,50,12606,14,12,15,0.69,15,14,17,13,11,14,3,2,4,1,1,2,0.60,82,80,84,0.65,,,,,,,77,73,81,78,71,85,86,84,88,52477,27,24,29,-0.52,6.8,-0.44,No,-0.77,89,41605,87,90,-0.67,1,0.70,18093,29660,61,57,65,-0.17,67756,78414,86,85,88,0.43,1927,51478,3.7,0.12,109305,25676,4.3,-0.39,22,17,28,0.39,,26,41,35,10,592,98,90,106,-0.06,52,37,70,,,,,,,89,76,103,,,,,,,119,107,131,165,14.1,-0.46,26,-0.30,
37193,North Carolina,Wilkes,,1491,12047,11037,13057,0.41,9715,6645,13715,,,,,,,,,,11576,7753,16625,,,,,,,,,,12167,11065,13269,,4.6,3.7,5.6,0.19,,10,9,11,0.73,7,5,9,,,,,,,16,11,21,,,,,,,10,9,11,5.6,4.4,6.7,-0.12,21,18,23,0.21,49,-0.74,,,43,12,49,67,-0.19,7.3,0.15,25,38,2632:1,0.45,160,242,413:1,-0.13,27,41,2436:1,0.23,2235,-0.55,,,1787,,2231,45,-0.26,,,49,,46,6720,13,12,15,0.65,10,8,11,8,7,10,1,1,2,1,0,1,-0.70,81,78,84,0.54,,,,,,,,,,84,70,97,79,76,82,28264,34,30,38,0.03,7.1,-0.29,No,-0.77,86,23299,84,89,-0.31,2,0.45,8117,14463,56,50,62,0.25,39047,47691,82,80,84,1.27,981,26333,3.7,0.10,100014,25049,4.0,-0.72,21,15,27,0.21,,,29,44,21,390,116,104,127,0.53,64,36,105,,,,,,,117,68,187,,,,,,,121,108,133,96,14.6,-0.55,30,0.21,
37195,North Carolina,Wilson,,1729,12403,11489,13317,0.50,7610,5649,10033,,,,,,,,,,16437,14745,18128,,,,,,,,,,10375,9154,11595,,4.6,3.7,5.5,0.14,,12,11,13,1.58,7,6,9,,,,,,,17,16,18,,,,15,9,20,8,7,9,5.3,4.2,6.4,-0.60,24,22,27,0.98,51,-0.93,,69,42,36,54,93,-1.34,7.6,-0.10,31,40,2528:1,0.40,173,219,456:1,-0.03,35,45,2241:1,0.12,3215,0.36,,,3976,,2968,48,-0.62,,,49,49,48,7934,13,11,15,0.53,16,14,18,13,11,15,3,2,4,1,0,1,0.66,81,79,83,0.54,,,,,,,82,78,86,67,56,78,87,84,90,33228,29,26,32,-0.37,6.8,-0.44,Yes,1.29,82,26855,79,84,0.40,1,0.65,10472,18956,55,50,61,0.32,45691,54121,84,83,86,0.79,1678,33942,4.9,1.11,108490,19441,5.6,1.27,27,20,34,0.99,,,49,36,9,402,100,90,110,0.01,47,29,72,,,,,,,101,85,117,,,,,,,118,102,134,83,10.6,0.15,31,0.38,
37197,North Carolina,Yadkin,,741,12330,10904,13756,0.48,8599,5801,12275,,,,,,,,,,,,,,,,,,,,,,12639,10989,14289,,4.4,3.5,5.3,-0.15,,10,9,11,0.86,11,8,14,,,,,,,,,,,,,,,,10,8,11,5.4,4.3,6.6,-0.43,20,18,22,0.04,48,-0.64,,,36,,49,52,0.47,7.5,-0.02,9,24,4132:1,0.83,36,95,1049:1,0.50,8,21,4683:1,0.80,2810,-0.02,,,,,,47,-0.50,,,44,,47,3938,13,12,15,0.64,11,9,13,8,6,10,3,1,4,1,0,2,-0.46,84,81,87,0.96,,,,,,,,,,82,68,96,79,77,81,16807,43,37,48,0.72,7.9,0.11,No,-0.77,84,12480,81,86,0.09,1,0.58,4819,8305,58,52,64,0.08,23122,26727,87,85,88,0.41,554,17608,3.1,-0.37,116599,25110,4.6,0.10,18,12,24,-0.15,,,30,52,11,226,121,105,136,0.69,51,25,90,,,,,,,206,106,359,,,,,,,128,111,146,49,13.1,-0.28,18,-1.44,
37199,North Carolina,Yancey,,385,8897,7341,10452,-0.42,,,,,,,,,,,,,,,,,,,,,,,,,,,,,4.3,3.4,5.3,-0.26,,9,7,11,0.25,10,5,15,,,,,,,,,,,,,,,,9,7,11,5.4,4.3,6.6,-0.42,17,15,19,-0.59,42,-0.06,,,,55,42,100,-1.67,7.8,-0.27,11,59,1705:1,-0.12,45,238,421:1,-0.11,6,32,3135:1,0.50,2007,-0.76,,,,,,40,0.35,,,,,,1748,13,11,15,0.50,12,9,15,10,7,13,2,1,3,0,0,1,-0.22,80,74,87,0.45,,,,,,,,,,,,,,,,7485,38,32,43,0.33,5.5,-1.09,No,-0.77,81,6592,76,85,0.59,1,0.71,2338,3973,59,50,68,0.01,12380,14050,88,86,90,0.11,261,8371,3.1,-0.40,110412,21102,5.2,0.83,22,14,30,0.37,,,,43,15,101,110,89,132,0.35,,,,,,,,,,,,,,,,,,,,,,19,10.1,0.24,31,0.39,